-- 初始化資料庫
CREATE DATABASE IF NOT EXISTS SOGO;
USE SOGO;
SET FOREIGN_KEY_CHECKS = 0;
SET UNIQUE_CHECKS = 0;

-- Shopping Mall Table
CREATE TABLE IF NOT EXISTS Shopping_Mall (
    Branch_Name VARCHAR(100) PRIMARY KEY,
    Address VARCHAR(255),
    Contact VARCHAR(20),
    Business_Hours VARCHAR(50),
    Floor_Area INT,
    Web_URL VARCHAR(255)
);

-- Shops Table
CREATE TABLE IF NOT EXISTS Shops (
    Store_Name VARCHAR(100) PRIMARY KEY,
    Branch_Name VARCHAR(100),
    Floor_Location VARCHAR(50),
    Phone VARCHAR(20),
    Web_URL VARCHAR(255),
    FOREIGN KEY (Branch_Name) REFERENCES Shopping_Mall(Branch_Name)
        ON DELETE CASCADE ON UPDATE CASCADE
);

-- Goods Table
CREATE TABLE IF NOT EXISTS Goods (
    Store_Name VARCHAR(100),
    Name VARCHAR(100),
    Stock_Quantity INT,
    Price INT,
    PRIMARY KEY (Store_Name, Name),
    FOREIGN KEY (Store_Name) REFERENCES Shops(Store_Name)
        ON DELETE CASCADE ON UPDATE CASCADE
);

-- -- g_Name Table
-- CREATE TABLE IF NOT EXISTS g_Name (
--     Name VARCHAR(100) PRIMARY KEY,
--     Price DECIMAL(10, 2)
-- );

-- Supplier Table
CREATE TABLE IF NOT EXISTS Supplier (
    Name VARCHAR(100) PRIMARY KEY,
    Address VARCHAR(255),
    Contact VARCHAR(20)
);

-- Purchase Detail Table
CREATE TABLE IF NOT EXISTS Purchase_Detail (
    Serial_Number INT PRIMARY KEY AUTO_INCREMENT,
    Supplier VARCHAR(100),
    Time DATETIME,
    Store_Name VARCHAR(100),
    Goods VARCHAR(100),
    Amount INT,
    FOREIGN KEY (Supplier) REFERENCES Supplier(Name)
        ON DELETE SET NULL ON UPDATE CASCADE,
    FOREIGN KEY (Store_Name) REFERENCES Shops(Store_Name)
        ON DELETE CASCADE ON UPDATE CASCADE,
    FOREIGN KEY (Store_Name, Goods) REFERENCES Goods(Store_Name, Name)
        ON DELETE SET NULL ON UPDATE CASCADE
);


-- Promotional Campaign Table
CREATE TABLE IF NOT EXISTS Promotional_Campaign (
    Store_Name VARCHAR(100),
    Name VARCHAR(100),
    Start_Time DATETIME,
    End_Time DATETIME,
    Method VARCHAR(50),
    PRIMARY KEY (Store_Name, Name),
    FOREIGN KEY (Store_Name) REFERENCES Shops(Store_Name)
        ON DELETE CASCADE ON UPDATE CASCADE
);

-- Mall Employee Table
CREATE TABLE IF NOT EXISTS Mall_Employee (
    Name VARCHAR(100),
    Contact VARCHAR(20),
    Position VARCHAR(50),
    Shift_Time VARCHAR(50),
    Branch_Name VARCHAR(100),
    PRIMARY KEY (Name, Branch_Name),
    FOREIGN KEY (Branch_Name) REFERENCES Shopping_Mall(Branch_Name)
        ON DELETE CASCADE ON UPDATE CASCADE
);

-- Shop Employee Table
CREATE TABLE IF NOT EXISTS Shop_Employee (
    Name VARCHAR(100),
    Contact VARCHAR(20),
    Position VARCHAR(50),
    Shift_Time VARCHAR(50),
    Store_Name VARCHAR(100),
    PRIMARY KEY (Name, Store_Name),
    FOREIGN KEY (Store_Name) REFERENCES Shops(Store_Name)
        ON DELETE CASCADE ON UPDATE CASCADE
);

-- Shopping Sheet Table
CREATE TABLE IF NOT EXISTS Shopping_Sheet (
    Store_Name VARCHAR(100),
    Time DATETIME,
    Price DECIMAL(10, 2),
    Payment VARCHAR(50),
    PRIMARY KEY (Store_Name, Time),
    FOREIGN KEY (Store_Name) REFERENCES Shops(Store_Name)
        ON DELETE CASCADE ON UPDATE CASCADE
);

-- 初始化資料庫
CREATE DATABASE IF NOT EXISTS SOGO;
USE SOGO;

-- 插入 Shopping_Mall 資料
INSERT INTO Shopping_Mall (Branch_Name, Address, Contact, Business_Hours, Web_URL) VALUES
('台北忠孝館', '台北市忠孝東路4段45號', '02-27765555', '11:00-21:30', 'https://info.sogo.com.tw/tp1'),
('台北復興館', '台北市忠孝東路3段300號', '02-27765555', '11:00-21:30', 'https://info.sogo.com.tw/tp2'),
('台北敦化館', '台北市敦化南路1段246號', '02-27771371', '11:00-21:30', 'https://info.sogo.com.tw/tp3'),
('天母店', '台北市中山北路6段77號', '02-27765555', '11:00-21:30', 'https://info.sogo.com.tw/tm'),
('中壢店', '中壢市元化路357號', '03-4227000', '11:00-21:30', 'https://info.sogo.com.tw/zl'),
('新竹店', '新竹市中央路239號', '03-6200000', '11:00-21:30', 'https://info.sogo.com.tw/hcbc'),
('高雄店', '高雄市三多三路217號', '07-3381000', '11:00-21:30', 'https://info.sogo.com.tw/ks'),
('廣三店', '台中市西區臺灣大道二段459號', '04-23233788', '11:00-22:00', 'https://www.kssogo.com.tw/');

-- 插入 Shops 資料
INSERT INTO Shops (Store_Name, Branch_Name, Floor_Location, Phone, Web_URL) VALUES
('台隆手創館_廣三門市', '廣三店', 'B1', '04-2329-2386', 'https://shopping.hands.com.tw/?lang=zh-TW'),
('康是美_廣三門市', '廣三店', 'B1', '04-2328-1605', 'https://www.cosmed.com.tw/'),
('0918_新竹店', '新竹店', '3F', '03-5314202', 'https://info.sogo.com.tw/hcbc/brand/18030816244418179'),
('0918_中壢店', '中壢店', '3F', '03-4270243', 'https://info.sogo.com.tw/zl/brand/190927152022830022'),
('0918_台北忠孝館', '台北忠孝館', 'B1', '07010-810210', 'https://info.sogo.com.tw/tp1/brand/210818141839433897'),
('0918_天母店', '天母店', '2F', '02-28341698', 'https://info.sogo.com.tw/tm/brand/1803081629464885'),
('0918_高雄店', '高雄店', '2F', '07-3351104', 'https://info.sogo.com.tw/ks/brand/1803081621571067'),
('10 mois_台北忠孝館', '台北忠孝館', '5F', '02-8771-9469', 'https://info.sogo.com.tw/tp1/brand/18030816351588292'),
('10/10 HOPE_新竹店', '新竹店', '1F', '03-5310789', 'https://info.sogo.com.tw/hcbc/brand/221022182140520277'),
('10/10 HOPE_台北復興館', '台北復興館', 'B1', '02-87720080', 'https://info.sogo.com.tw/tp2/brand/1803081633034378'),
('10Days睡眠科技_台北忠孝館', '台北忠孝館', '9F', '02-27789536', 'https://info.sogo.com.tw/tp1/brand/18030816351606338'),
('10Days睡眠科技_中壢店', '中壢店', '7F', '03-4254265', 'https://info.sogo.com.tw/zl/brand/18030816282679336'),
('111SKIN_台北復興館', '台北復興館', 'B1', '02-87727502', 'https://info.sogo.com.tw/tp2/brand/190111120806985739'),
('1929家居生活館_高雄店', '高雄店', '4F', '07-3359207', 'https://info.sogo.com.tw/ks/brand/18030816215781251'),
('22 OCTOBRE_台北忠孝館', '台北忠孝館', '3F', '02-27118468', 'https://info.sogo.com.tw/tp1/brand/18030816351558217'),
('23區_台北忠孝館', '台北忠孝館', '3F', '02-87714766', 'https://info.sogo.com.tw/tp1/brand/18030816351559218'),
('23區_新竹店', '新竹店', '2F', '03-5352224', 'https://info.sogo.com.tw/hcbc/brand/18030816244393114'),
('3M_新竹店', '新竹店', '6F', '03-5428360', 'https://info.sogo.com.tw/hcbc/brand/18030816244509414'),
('45rpm_台北忠孝館', '台北忠孝館', '3F', '02-27710145', 'https://info.sogo.com.tw/tp1/brand/230227205622720379'),
('a la sha_台北復興館', '台北復興館', '5F', '02-7730-3610', 'https://info.sogo.com.tw/tp2/brand/18030816330397213'),
('a la sha_中壢店', '中壢店', '2F', '03-2706386', 'https://info.sogo.com.tw/zl/brand/1803081628257873'),
('a la sha_新竹店', '新竹店', '3F', '03-6213059', 'https://info.sogo.com.tw/hcbc/brand/18030816244419181'),
('a.testoni_台北敦化館', '台北敦化館', '2F', '02-2711-1290', 'https://info.sogo.com.tw/tp3/brand/1803081631326946'),
('ABC Cooking Studio_台北敦化館', '台北敦化館', '5F', '02-27213911', 'https://info.sogo.com.tw/tp3/brand/1803081631327976'),
('ACCA KAPPA_台北忠孝館', '台北忠孝館', '9F', '2779-0736', 'https://info.sogo.com.tw/tp1/brand/230319144910555213'),
('adabat_台北忠孝館', '台北忠孝館', '7F', '2740-5827', 'https://info.sogo.com.tw/tp1/brand/210924041949462022'),
('Aderans愛德蘭絲_新竹店', '新竹店', '2F', '03-5334187', 'https://info.sogo.com.tw/hcbc/brand/18030816244393116'),
('adidas_台北忠孝館', '台北忠孝館', '10F', '02-27513401', 'https://info.sogo.com.tw/tp1/brand/18030816351705596'),
('adidas_台北復興館', '台北復興館', '6F', '02-87726725', 'https://info.sogo.com.tw/tp2/brand/18030816330411253'),
('adidas_中壢店', '中壢店', '6F', '03-4259971', 'https://info.sogo.com.tw/zl/brand/18030816282667300'),
('adidas_高雄店', '高雄店', '5F', '07-976-3962', 'https://info.sogo.com.tw/ks/brand/18030816215765207'),
('adidas_天母店', '天母店', '5F', '02-2835-0977', 'https://info.sogo.com.tw/tm/brand/18030816294693200'),
('ADIDAS GOLF_台北忠孝館', '台北忠孝館', '7F', '2779-0761', 'https://info.sogo.com.tw/tp1/brand/210924040925255658'),
('adidas kids_台北忠孝館', '台北忠孝館', '5F', '02-27790983', 'https://info.sogo.com.tw/tp1/brand/18030816351588293'),
('adidas kids_天母店', '天母店', '7F', '02-28346651', 'https://info.sogo.com.tw/tm/brand/190815152123347009'),
('adidas kids_中壢店', '中壢店', '6F', '03-4224295', 'https://info.sogo.com.tw/zl/brand/181002141943644216'),
('adidas kids_新竹店', '新竹店', '5F', '03-6232108', 'https://info.sogo.com.tw/hcbc/brand/18030816244478332'),
('adidas Originals_天母店', '天母店', '5F', '02-2835-0977', 'https://info.sogo.com.tw/tm/brand/18030816294693200'),
('adidas Originals_中壢店', '中壢店', '2F', '03-4259815', 'https://info.sogo.com.tw/zl/brand/200105161113560432'),
('adidas Originals_高雄店', '高雄店', '5F', '07-976-3962', 'https://info.sogo.com.tw/ks/brand/18030816215765208'),
('Aesop_天母店', '天母店', '1F', '02-2834-9708', 'https://info.sogo.com.tw/tm/brand/1803081629462621'),
('Aesop_新竹店', '新竹店', '1F', '03-535-6700', 'https://info.sogo.com.tw/hcbc/brand/190415121109164829'),
('agapebaby_高雄店', '高雄店', '7F', '(07)335-4167', 'https://info.sogo.com.tw/ks/brand/220819154138852256'),
('agete_台北忠孝館', '台北忠孝館', '3F', '02-27790394', 'https://info.sogo.com.tw/tp1/brand/201025201623334389'),
('agnes b._新竹店', '新竹店', '1F', '03-5310103', 'https://info.sogo.com.tw/hcbc/brand/1803081624436643'),
('agnès b._中壢店', '中壢店', '1F', '03-4250292', 'https://info.sogo.com.tw/zl/brand/200520144832690908'),
('agnès b._台北復興館', '台北復興館', '4F', '02-87721093', 'https://info.sogo.com.tw/tp2/brand/18030816330379166'),
('agnès b._天母店', '天母店', '1F', '02-2836-3116', 'https://info.sogo.com.tw/tm/brand/1803081629462826'),
('AIGLE_天母店', '天母店', '4F', '02-7736-0013', 'https://info.sogo.com.tw/tm/brand/18030816294685177'),
('AiLi_中壢店', '中壢店', '5F', '03-4257270', 'https://info.sogo.com.tw/zl/brand/18030816282647243'),
('AiLi_新竹店', '新竹店', '5F', '03-5350460', 'https://info.sogo.com.tw/hcbc/brand/18030816244478333'),
('aimerfeel_中壢店', '中壢店', '2F', '03-4226602', 'https://info.sogo.com.tw/zl/brand/200105162140155834'),
('aimerfeel_台北忠孝館', '台北忠孝館', 'B1', '02-87713022', 'https://info.sogo.com.tw/tp1/brand/190309164938164060'),
('Airfree_天母店', '天母店', '6F', '02-2834-1795', 'https://info.sogo.com.tw/tm/brand/18030816294712253'),
('Airfree_高雄店', '高雄店', '6F', '07-3351275', 'https://info.sogo.com.tw/ks/brand/220822114838668867'),
('airweave_台北忠孝館', '台北忠孝館', '9F', '02-87718455', 'https://info.sogo.com.tw/tp1/brand/18030816351685545'),
('ALBION_台北忠孝館', '台北忠孝館', '1F', '02-27790229', 'https://info.sogo.com.tw/tp1/brand/18030816351512113'),
('ALBION_中壢店', '中壢店', '1F', '03-422-2731', 'https://info.sogo.com.tw/zl/brand/1803081628256440'),
('aldomartins_台北敦化館', '台北敦化館', '3F', '02-2776-6828', 'https://info.sogo.com.tw/tp3/brand/190416152905747172'),
('Alice & Olivia_台北復興館', '台北復興館', '4F', '08-8772-3703', 'https://info.sogo.com.tw/tp2/brand/210321161257566461'),
('ALLSAINTS_台北復興館', '台北復興館', '4F', '8772-0138', 'https://info.sogo.com.tw/tp2/brand/190722144909834142'),
('ALLSAINTS_新竹店', '新竹店', '1F', '03-5324088', 'https://info.sogo.com.tw/hcbc/brand/200617173708971869'),
('AMEN_台北敦化館', '台北敦化館', '2F', '02-2751-0808', 'https://info.sogo.com.tw/tp3/brand/1803081631326947'),
('Amina Rubinacci_台北敦化館', '台北敦化館', '3F', '02-2771-6160', 'https://info.sogo.com.tw/tp3/brand/1803081631327463'),
('Anita Su_新竹店', '新竹店', '2F', '03-5152770', 'https://info.sogo.com.tw/hcbc/brand/220906190750650520'),
('ANNE DE SOLENE 安妮莎琳_台北忠孝館', '台北忠孝館', '9F', '02-87717806', 'https://info.sogo.com.tw/tp1/brand/18030816351685547'),
('ANPANMAN SHOWCASE_新竹店', '新竹店', '5F', '03-5331950', 'https://info.sogo.com.tw/hcbc/brand/181216184938979092'),
('ANYSIS_台北忠孝館', '台北忠孝館', '3F', '02-87719035', 'https://info.sogo.com.tw/tp1/brand/210812112650883841'),
('APANAGE_台北敦化館', '台北敦化館', '3F', '02-2778-2010', 'https://info.sogo.com.tw/tp3/brand/1803081631327257'),
('APIVITA_台北復興館', '台北復興館', 'B1', '8772-7916', 'https://info.sogo.com.tw/tp2/brand/190731160237691705'),
('APIVITA_新竹店', '新竹店', '1F', '03-535-3406', 'https://info.sogo.com.tw/hcbc/brand/210313210036168756'),
('B&W_台北復興館', '台北復興館', '8F', '02-87726742', 'https://info.sogo.com.tw/tp2/brand/18030816330442335'),
('B&W_台北忠孝館', '台北忠孝館', '8F', '02-27773170', 'https://info.sogo.com.tw/tp1/brand/18030816351649452'),
('b.club_新竹店', '新竹店', '3F', '03-5359545', 'https://info.sogo.com.tw/hcbc/brand/18030816244420187'),
('b.tempt''d_新竹店', '新竹店', '3F', '03-5337867', 'https://info.sogo.com.tw/hcbc/brand/18030816244420188'),
('B.V.D_台北忠孝館', '台北忠孝館', '7F', '02-77112723', 'https://info.sogo.com.tw/tp1/brand/18030816351630402'),
('BAC CAKE&SWEETS_台北忠孝館', '台北忠孝館', 'B1', '(02)7722-7755', 'https://info.sogo.com.tw/tp1/brand/201005165238979312'),
('Baccarat_台北忠孝館', '台北忠孝館', '8F', '02-27527797', 'https://info.sogo.com.tw/tp1/brand/18030816351649453'),
('Baccarat_天母店', '天母店', '6F', '02-2834-8719', 'https://info.sogo.com.tw/tm/brand/18030816294713256'),
('Baccarat_台北敦化館', '台北敦化館', 'B1', '02-8773-5247', 'https://info.sogo.com.tw/tp3/brand/1803081631325816'),
('BAGMANIA_台北復興館', '台北復興館', '4F', '8772-7567', 'https://info.sogo.com.tw/tp2/brand/191206172713747336'),
('Baker Street貝克街_台北忠孝館', '台北忠孝館', '6F', '0918-025755', 'https://info.sogo.com.tw/tp1/brand/210923122224958631'),
('BALENCIAGA_台北復興館', '台北復興館', '2F', '02-27318055', 'https://info.sogo.com.tw/tp2/brand/18030816330366136'),
('BALLY_台北忠孝館', '台北忠孝館', '7F', '02-2731-1277', 'https://info.sogo.com.tw/tp1/brand/191230163956809629'),
('BALMUDA_台北復興館', '台北復興館', '8F', '8772-1397', 'https://info.sogo.com.tw/tp2/brand/200817153523505445'),
('BAO BAO ISSEY MIYAKE_台北復興館', '台北復興館', '1F', '02-7730-8480', 'https://info.sogo.com.tw/tp2/brand/18030816330363128'),
('BARONECE_天母店', '天母店', '5F', '02-2834-0898', 'https://info.sogo.com.tw/tm/brand/18030816294694206'),
('BBL_台北忠孝館', '台北忠孝館', '9F', '02-27405854', 'https://info.sogo.com.tw/tp1/brand/18030816351686548'),
('BBL Premium_天母店', '天母店', '6F', '02-28332277', 'https://info.sogo.com.tw/tm/brand/18030816294714257'),
('BBL Premium_新竹店', '新竹店', '6F', '03-5354196', 'https://info.sogo.com.tw/hcbc/brand/18030816244510417'),
('beard papa_台北復興館', '台北復興館', 'B3', '02-8772-3582', 'https://info.sogo.com.tw/tp2/brand/180308163302952'),
('beard papa_中壢店', '中壢店', 'B1', '03-4223899', 'https://info.sogo.com.tw/zl/brand/180308162825461'),
('beard papa_天母店', '天母店', 'B1', '02-28350922', 'https://info.sogo.com.tw/tm/brand/180308162946182'),
('Beauty Gallery_台北復興館', '台北復興館', 'B1', '8772-1518', 'https://info.sogo.com.tw/tp2/brand/190707204134566680'),
('Beauty Gallery_中壢店', '中壢店', '2F', '03-4250259', 'https://info.sogo.com.tw/zl/brand/18030816282627194'),
('Been Teen_台北忠孝館', '台北忠孝館', '5F', '02-87719830', 'https://info.sogo.com.tw/tp1/brand/18030816351589297'),
('Been Teen_天母店', '天母店', '3F', '02-2835-6105', 'https://info.sogo.com.tw/tm/brand/18030816294663126'),
('Been Teen_中壢店', '中壢店', '4F', '03-4227030', 'https://info.sogo.com.tw/zl/brand/18030816282628197'),
('Been Teen_新竹店', '新竹店', '3F', '03-535-8089', 'https://info.sogo.com.tw/hcbc/brand/18030816244421190'),
('BEN&1966_中壢店', '中壢店', '1F', '03-4260067', 'https://info.sogo.com.tw/zl/brand/1803081628256542'),
('benefit_台北復興館', '台北復興館', 'B1', '02-87728056', 'https://info.sogo.com.tw/tp2/brand/1803081633034585'),
('Benteau_台北忠孝館', '台北忠孝館', 'B1', '02-7711-2030', 'https://info.sogo.com.tw/tp1/brand/210818141142406006'),
('Benteau_中壢店', '中壢店', '2F', '03-2722588', 'https://info.sogo.com.tw/zl/brand/1803081628257875'),
('Berkemann_台北復興館', '台北復興館', '9F', '02-27111658', 'https://info.sogo.com.tw/tp2/brand/190601114400383099'),
('Berndes_中壢店', '中壢店', '7F', '03-4264980', 'https://info.sogo.com.tw/zl/brand/18030816282681342'),
('Berndes_台北忠孝館', '台北忠孝館', '8F', '02-77117007', 'https://info.sogo.com.tw/tp1/brand/18030816351650455'),
('BEST HOME COLLECTION_台北忠孝館', '台北忠孝館', '9F', '02-77116506', 'https://info.sogo.com.tw/tp1/brand/18030816351686549'),
('betty''s_中壢店', '中壢店', '2F', '03-4270523', 'https://info.sogo.com.tw/zl/brand/18030816282590100'),
('beurer_高雄店', '高雄店', '6F', '07-335-8076', 'https://info.sogo.com.tw/ks/brand/220822113224940901'),
('bgreen_中壢店', '中壢店', '7F', '0905-251686', 'https://info.sogo.com.tw/zl/brand/200303172841202567'),
('bgreen_高雄店', '高雄店', '6F', '9720-00260', 'https://info.sogo.com.tw/ks/brand/210708153854294660'),
('BIG TRAIN_新竹店', '新竹店', '4F', '03-5457003', 'https://info.sogo.com.tw/hcbc/brand/18030816244449261');


-- 插入 Goods 資料
INSERT INTO Goods (Store_Name, Name, Stock_Quantity, Price) VALUES
('台隆手創館_廣三門市', '花漾戀愛修容組 GLOW FLEUR CHEEKS', '0', '410'),
('台隆手創館_廣三門市', '睫毛復活液 Quick Lash Curler', '0', '295'),
('台隆手創館_廣三門市', '巧麗腮紅組 Powder Cheeks', '8', '295'),
('台隆手創館_廣三門市', '珠光修容霜 PEARL GLOW HIGHLIGHT', '144', '295'),
('台隆手創館_廣三門市', '腮紅霜 Cream cheek', '492', '300'),
('台隆手創館_廣三門市', '持久潤澤唇膏', '0', '250'),
('台隆手創館_廣三門市', '蜜糖水吻唇蜜 Lip Tint Syrup', '0', '295'),
('康是美_廣三門市', '美人魚霓采打亮修容餅 glow like a mermaid highlighter', '112', '149'),
('康是美_廣三門市', '裸漾日記眼影彩盤 million nude faces eyeshadow box', '0', '169'),
('康是美_廣三門市', '英倫格調腮紅 mosaic blush', '0', '119'),
('康是美_廣三門市', '霧色唇膏 matt matt matt lipstick', '0', '9'),
('康是美_廣三門市', '黃金果凍面膜(膠原蛋白), Premium Puresa Golden Jelly Mask CO', '0', '299'),
('康是美_廣三門市', '角鯊烯修護保濕面膜 Squalene Restorative Hydrating Mask', '0', '250'),
('0918_新竹店', '0918 水彩玫瑰印花鬆緊腰蛋糕短褲裙', '198', '3290'),
('0918_新竹店', '0918 法式復古小香風海棉質感髮箍', '136', '1290'),
('0918_新竹店', '0918 甜美公主澎繡縫珠裝飾長袖內搭上衣', '0', '2590'),
('0918_新竹店', '0918 後腰鬆緊素色寬鬆垂直感休閒長褲', '0', '3590'),
('0918_新竹店', '0918 領口珍珠縷空設計網紗拼接短袖針織上衣', '0', '3490'),
('0918_新竹店', '0918 復古玫瑰印花壓摺荷葉裝飾鬆緊腰長裙', '708', '4890'),
('0918_中壢店', '0918 水彩玫瑰印花鬆緊腰蛋糕短褲裙', '198', '3290'),
('0918_中壢店', '0918 法式復古小香風海棉質感髮箍', '136', '1290'),
('0918_中壢店', '0918 甜美公主澎繡縫珠裝飾長袖內搭上衣', '0', '2590'),
('0918_中壢店', '0918 後腰鬆緊素色寬鬆垂直感休閒長褲', '0', '3590'),
('0918_中壢店', '0918 領口珍珠縷空設計網紗拼接短袖針織上衣', '0', '3490'),
('0918_中壢店', '0918 復古玫瑰印花壓摺荷葉裝飾鬆緊腰長裙', '708', '4890'),
('0918_台北忠孝館', '0918 水彩玫瑰印花鬆緊腰蛋糕短褲裙', '198', '3290'),
('0918_台北忠孝館', '0918 法式復古小香風海棉質感髮箍', '136', '1290'),
('0918_台北忠孝館', '0918 甜美公主澎繡縫珠裝飾長袖內搭上衣', '0', '2590'),
('0918_台北忠孝館', '0918 後腰鬆緊素色寬鬆垂直感休閒長褲', '0', '3590'),
('0918_台北忠孝館', '0918 領口珍珠縷空設計網紗拼接短袖針織上衣', '0', '3490'),
('0918_台北忠孝館', '0918 復古玫瑰印花壓摺荷葉裝飾鬆緊腰長裙', '708', '4890'),
('0918_天母店', '0918 水彩玫瑰印花鬆緊腰蛋糕短褲裙', '198', '3290'),
('0918_天母店', '0918 法式復古小香風海棉質感髮箍', '136', '1290'),
('0918_天母店', '0918 甜美公主澎繡縫珠裝飾長袖內搭上衣', '0', '2590'),
('0918_天母店', '0918 後腰鬆緊素色寬鬆垂直感休閒長褲', '0', '3590'),
('0918_天母店', '0918 領口珍珠縷空設計網紗拼接短袖針織上衣', '0', '3490'),
('0918_天母店', '0918 復古玫瑰印花壓摺荷葉裝飾鬆緊腰長裙', '708', '4890'),
('0918_高雄店', '0918 水彩玫瑰印花鬆緊腰蛋糕短褲裙', '198', '3290'),
('0918_高雄店', '0918 法式復古小香風海棉質感髮箍', '136', '1290'),
('0918_高雄店', '0918 甜美公主澎繡縫珠裝飾長袖內搭上衣', '0', '2590'),
('0918_高雄店', '0918 後腰鬆緊素色寬鬆垂直感休閒長褲', '0', '3590'),
('0918_高雄店', '0918 領口珍珠縷空設計網紗拼接短袖針織上衣', '0', '3490'),
('0918_高雄店', '0918 復古玫瑰印花壓摺荷葉裝飾鬆緊腰長裙', '708', '4890'),
('10 mois_台北忠孝館', '10 mois 十字星彩六層紗防踢背心 嬰童 夢幻粉', '0', '2280'),
('10 mois_台北忠孝館', '10 mois PATTO SATTO HADAGI 秒脫連身包屁衣 綠 60-70cm', '82', '1580'),
('10 mois_台北忠孝館', '10 mois 星空花瓣口水巾圍兜 粉紅', '0', '880'),
('10 mois_台北忠孝館', '10 mois 十字星彩三層紗沐浴紗布巾手帕組 天空藍', '30', '980'),
('10 mois_台北忠孝館', '10 mois 卡農小童包 黃', '0', '1780'),
('10 mois_台北忠孝館', '10 mois 十字星彩天絲三層紗防踢背心固齒器禮盒組 粉', '0', '2680'),
('10/10 HOPE_新竹店', '10/10 HOPE Christophe Robin卡姆果護色洗髮乳', '0', '1150'),
('10/10 HOPE_新竹店', '10/10 HOPE Christophe Robin蘆薈保濕修護洗髮露', '338', '1450'),
('10/10 HOPE_新竹店', '10/10 HOPE NEOM靜心舒眠香氛蠟燭', '388', '2300'),
('10/10 HOPE_新竹店', '10/10 HOPE bamford紅霞香氛蠟燭', '388', '3800'),
('10/10 HOPE_新竹店', '10/10 HOPE bamford香氛室內擴香 250ml', '94', '3100'),
('10/10 HOPE_新竹店', '10/10 HOPE NEOM 幸福愉悅香氛蠟燭', '154', '2300'),
('10/10 HOPE_台北復興館', '10/10 HOPE Christophe Robin卡姆果護色洗髮乳', '0', '1150'),
('10/10 HOPE_台北復興館', '10/10 HOPE Christophe Robin蘆薈保濕修護洗髮露', '338', '1450'),
('10/10 HOPE_台北復興館', '10/10 HOPE NEOM靜心舒眠香氛蠟燭', '388', '2300'),
('10/10 HOPE_台北復興館', '10/10 HOPE bamford紅霞香氛蠟燭', '388', '3800'),
('10/10 HOPE_台北復興館', '10/10 HOPE bamford香氛室內擴香 250ml', '94', '3100'),
('10/10 HOPE_台北復興館', '10/10 HOPE NEOM 幸福愉悅香氛蠟燭', '154', '2300'),
('10Days睡眠科技_台北忠孝館', '10Days 恬褋仕 DISCOVERY柔眠床', '0', '11840'),
('10Days睡眠科技_台北忠孝館', '10Days 恬褋仕 柔眠枕(晨曦白),10cm', '82', '1999'),
('10Days睡眠科技_中壢店', '10Days 恬褋仕 健康防蹣床包套(標準單人),', '0', '3375'),
('111SKIN_台北復興館', '111SKIN 超導水潤撫紋唇霜', '128', '1880'),
('111SKIN_台北復興館', '111SKIN 黑鑽全能抗皺黑面膜5片(盒),', '0', '4800'),
('111SKIN_台北復興館', '111SKIN 緊緻賦活激活液20ml', '0', '4200'),
('111SKIN_台北復興館', '111SKIN NAC Y²逆時空啟動肌因敷膜75ml', '0', '5200'),
('111SKIN_台北復興館', '111SKIN 天使聚光奇蹟敷膜75ml', '84', '5200'),
('111SKIN_台北復興館', '111SKIN 緊緻賦活藍眼膜', '194', '3500'),
('1929家居生活館_高雄店', '1929 比得兔丘頂之歌單人兩用被床包組(5件組),', '98', '9600'),
('1929家居生活館_高雄店', '1929 比得兔 羽葉蔓綠 雙人兩用床包組(七件式),-精梳棉', '0', '10800'),
('22 OCTOBRE_台北忠孝館', '22 OCTOBRE 水墨畫風印花裙', '0', '5990'),
('22 OCTOBRE_台北忠孝館', '22 OCTOBRE 荷葉飾領上衣', '0', '5290'),
('23 OCTOBRE_台北忠孝館', '22 OCTOBRE 寬短褲(白),', '0', '5290'),
('24 OCTOBRE_台北忠孝館', '22 OCTOBRE 直條紋造型襯衫', '0', '5690'),
('22 OCTOBRE_台北忠孝館', '22 OCTOBRE 水墨畫風洋裝', '0', '8290'),
('22 OCTOBRE_台北忠孝館', '22 OCTOBRE 壓褶領巾 (橘),', '0', '1990'),
('23區_台北忠孝館', '23區 亞麻混紡彈性A字裙', '0', '8680'),
('23區_台北忠孝館', '23區 ALBINI純棉基本款上衣', '146', '3980'),
('23區_台北忠孝館', '23區 23區xLIFE雜誌聯名T-shirt (dangling),', '0', '3980'),
('23區_台北忠孝館', '23區 Typewriter高級混棉彈性短褲', '0', '5184'),
('23區_台北忠孝館', '23區 加工亞麻輕薄西裝外套', '0', '11040'),
('23區_台北忠孝館', '23區 Typewriter高級混棉無袖襯衫', '250', '6880'),
('23區_新竹店', '23區 亞麻混紡彈性A字裙', '0', '8680'),
('23區_新竹店', '23區 ALBINI純棉基本款上衣', '146', '3980'),
('23區_新竹店', '23區 23區xLIFE雜誌聯名T-shirt (dangling),', '0', '3980'),
('23區_新竹店', '23區 Typewriter高級混棉彈性短褲', '0', '5184'),
('23區_新竹店', '23區 加工亞麻輕薄西裝外套', '0', '11040'),
('23區_新竹店', '23區 Typewriter高級混棉無袖襯衫', '250', '6880'),
('3M_新竹店', '3M F003 DIY淨水器替換濾心-兩入', '0', '3790'),
('3M_新竹店', '3M Nexcare 7660C 醫用口罩-50片盒裝*2入(台灣製),', '158', '518'),
('3M_新竹店', '3M 細滑牙線棒-散裝超值分享包', '0', '999'),
('3M_新竹店', '3M 魔利 馬桶清潔劑-750ml', '0', '99'),
('3M_新竹店', '3M 雙效防蛀護齒牙膏-新包裝款-3入組', '0', '439'),
('3M_新竹店', '3M 無痕 極淨防水收納-浴室免鑽-三角置物架', '590', '416'),
('45rpm_台北忠孝館', '45rpm 安思麟908T印花T恤（上衣）', '0', '3643'),
('45rpm_台北忠孝館', '45rpm 麥色丹寧 908畫家褲', '0', '6802'),
('45rpm_台北忠孝館', '45rpm 蒙彼利埃奇諾 擴腳裙', '0', '7044'),
('45rpm_台北忠孝館', '45rpm 超長綿天竺連衣裙', '0', '7044'),
('45rpm_台北忠孝館', '45rpm 小麥色丹寧 908繪畫褲 54英寸（淡色）', '0', '12632'),
('45rpm_台北忠孝館', '45rpm 印度麻馬德拉斯 908連帽衫', '42', '12632'),
('a la sha_台北復興館', 'a la sha 剪接工裝短褲裙', '0', '1390'),
('a la sha_台北復興館', 'a la sha 後鬆緊剪接寬鬆牛仔褲', '0', '1790'),
('a la sha_台北復興館', 'a la sha 打褶縮口長褲', '0', '1790'),
('a la sha_台北復興館', 'a la sha 阿財運動緊身內搭褲', '0', '990'),
('a la sha_台北復興館', 'a la sha 色塊印花率性棉織長裙', '0', '1690'),
('a la sha_台北復興館', 'a la sha 斜紋九分合身褲', '22', '1690'),
('a la sha_中壢店', 'a la sha 剪接工裝短褲裙', '0', '1390'),
('a la sha_中壢店', 'a la sha 後鬆緊剪接寬鬆牛仔褲', '0', '1790'),
('a la sha_中壢店', 'a la sha 打褶縮口長褲', '0', '1790'),
('a la sha_中壢店', 'a la sha 阿財運動緊身內搭褲', '0', '990'),
('a la sha_中壢店', 'a la sha 色塊印花率性棉織長裙', '0', '1690'),
('a la sha_中壢店', 'a la sha 斜紋九分合身褲', '22', '1690'),
('a la sha_新竹店', 'a la sha 剪接工裝短褲裙', '0', '1390'),
('a la sha_新竹店', 'a la sha 後鬆緊剪接寬鬆牛仔褲', '0', '1790'),
('a la sha_新竹店', 'a la sha 打褶縮口長褲', '0', '1790'),
('a la sha_新竹店', 'a la sha 阿財運動緊身內搭褲', '0', '990'),
('a la sha_新竹店', 'a la sha 色塊印花率性棉織長裙', '0', '1690'),
('a la sha_新竹店', 'a la sha 斜紋九分合身褲', '22', '1690'),
('a.testoni_台北敦化館', 'a. testoni 義大利製咖啡色休閒鞋', '0', '3600'),
('a.testoni_台北敦化館', 'a.testoni 皮革古董包', '0', '12280'),
('a.testoni_台北敦化館', 'a.testoni 撞色壓紋牛皮零錢包', '0', '2080'),
('a.testoni_台北敦化館', 'a.testoni 拼接撞色真皮二用梯形包', '0', '5880'),
('a.testoni_台北敦化館', 'a.testoni 黑x橄欖綠撞色真皮二用貝殼包', '0', '4880'),
('a.testoni_台北敦化館', 'a.testoni 義大利黑色大容量皮革圓角肩背方包', '0', '3980'),
('ABC Cooking Studio_台北敦化館', 'ABC Cooking Studio 料理課程 6堂', '0', '3990'),
('ABC Cooking Studio_台北敦化館', 'ABC Cooking Studio 基礎麵包課程 6堂', '0', '3990'),
('ABC Cooking Studio_台北敦化館', 'ABC Cooking Studio 基礎甜點課程 6堂', '0', '3990'),
('ACCA KAPPA_台北忠孝館', 'ACCA KAPPA 潔淨沐浴香精組', '0', '1999'),
('ACCA KAPPA_台北忠孝館', 'ACCA KAPPA 雪松&鼠尾草淡香精 15ML', '0', '1050'),
('ACCA KAPPA_台北忠孝館', 'ACCA KAPPA 紫丁香&朝露香氛皂150g', '0', '430'),
('ACCA KAPPA_台北忠孝館', 'ACCA KAPPA 鈴蘭香氛皂150g', '0', '380'),
('ACCA KAPPA_台北忠孝館', 'ACCA KAPPA 托斯卡尼護手霜香皂禮盒', '382', '930'),
('ACCA KAPPA_台北忠孝館', 'ACCA KAPPA 白麝香香膏10g', '0', '1000'),
('adabat_台北忠孝館', 'Adabat 千鳥格設計短袖外套 (藏青色 (993),),', '0', '8539'),
('adabat_台北忠孝館', 'Adabat 線條設計毛衣 (海軍藍 (093),),', '470', '5037'),
('adabat_台北忠孝館', 'Adabat 一點設計短袖馬球衫 (紫色 (080),),', '0', '3202'),
('adabat_台北忠孝館', 'Adabat 上衣 + 連衣裙套裝 (自然色 (050),),', '0', '5337'),
('adabat_台北忠孝館', 'Adabat連衣裙長度短款休閒設計短袖假領套頭衫 (白色 (001),),', '0', '2669'),
('adabat_台北忠孝館', 'Adabat 清晰視圖中心新聞褲（紫色（080））', '0', '2535'),
('Aderans愛德蘭絲_新竹店', 'Aderans 日本專業美髮頂級吹風機', '0', '11000'),
('Aderans愛德蘭絲_新竹店', 'Aderans愛德蘭絲 皺褶針織帽(黑色),', '0', '1100'),
('Aderans愛德蘭絲_新竹店', 'Aderans愛德蘭絲 泡沫洗髮精', '0', '1000'),
('Aderans愛德蘭絲_新竹店', 'Aderans愛德蘭絲 MCW03 假髮', '0', '5380'),
('Aderans愛德蘭絲_新竹店', 'Aderans愛德蘭絲 郡是護膚內著衣 (長袖款),', '0', '1400'),
('Aderans愛德蘭絲_新竹店', 'Aderans愛德蘭絲 SPEED E 速髮樂', '0', '3600'),
('adidas_台北忠孝館', 'adidas 女款運動短褲', '168', '1490'),
('adidas_台北忠孝館', 'adidas 女款休閒穿搭套裝', '0', '5980'),
('adidas_台北忠孝館', 'adidas 男款ULTRABOOST LIGHT 跑鞋', '438', '5990'),
('adidas_台北忠孝館', 'adidas 3-STRIPES 中筒襪', '0', '180'),
('adidas_台北忠孝館', 'adidas 腳裸襪(男/女),', '0', '160'),
('adidas_台北忠孝館', 'adidas 女款ULTRABOOST LIGHT 跑鞋', '400', '5990'),
('adidas_台北復興館', 'adidas 女款運動短褲', '168', '1490'),
('adidas_台北復興館', 'adidas 女款休閒穿搭套裝', '0', '5980'),
('adidas_台北復興館', 'adidas 男款ULTRABOOST LIGHT 跑鞋', '438', '5990'),
('adidas_台北復興館', 'adidas 3-STRIPES 中筒襪', '0', '180'),
('adidas_台北復興館', 'adidas 腳裸襪(男/女),', '0', '160'),
('adidas_台北復興館', 'adidas 女款ULTRABOOST LIGHT 跑鞋', '400', '5990'),
('adidas_中壢店', 'adidas 女款運動短褲', '168', '1490'),
('adidas_中壢店', 'adidas 女款休閒穿搭套裝', '0', '5980'),
('adidas_中壢店', 'adidas 男款ULTRABOOST LIGHT 跑鞋', '438', '5990'),
('adidas_中壢店', 'adidas 3-STRIPES 中筒襪', '0', '180'),
('adidas_中壢店', 'adidas 腳裸襪(男/女),', '0', '160'),
('adidas_中壢店', 'adidas 女款ULTRABOOST LIGHT 跑鞋', '400', '5990'),
('adidas_高雄店', 'adidas 女款運動短褲', '168', '1490'),
('adidas_高雄店', 'adidas 女款休閒穿搭套裝', '0', '5980'),
('adidas_高雄店', 'adidas 男款ULTRABOOST LIGHT 跑鞋', '438', '5990'),
('adidas_高雄店', 'adidas 3-STRIPES 中筒襪', '0', '180'),
('adidas_高雄店', 'adidas 腳裸襪(男/女),', '0', '160'),
('adidas_高雄店', 'adidas 女款ULTRABOOST LIGHT 跑鞋', '400', '5990'),
('adidas_天母店', 'adidas 女款運動短褲', '168', '1490'),
('adidas_天母店', 'adidas 女款休閒穿搭套裝', '0', '5980'),
('adidas_天母店', 'adidas 男款ULTRABOOST LIGHT 跑鞋', '438', '5990'),
('adidas_天母店', 'adidas 3-STRIPES 中筒襪', '0', '180'),
('adidas_天母店', 'adidas 腳裸襪(男/女),', '0', '160'),
('adidas_天母店', 'adidas 女款ULTRABOOST LIGHT 跑鞋', '400', '5990'),
('ADIDAS GOLF_台北忠孝館', 'AEROREADY 短袖POLO', '0', '1990'),
('ADIDAS GOLF_台北忠孝館', 'STAN SMITH GOLF 高爾夫球鞋', '0', '4490'),
('adidas kids_台北忠孝館', 'adidas RAPIDAZEN SLIP-O 運動鞋', '46', '1890'),
('adidas kids_天母店', 'adidas RAPIDAZEN SLIP-O 運動鞋', '46', '1890'),
('adidas kids_天母店', 'adidas  ALTAVENTURE 包頭涼鞋', '420', '1090'),
('adidas kids_中壢店', 'adidas RAPIDAZEN SLIP-O 運動鞋', '46', '1890'),
('adidas kids_中壢店', 'adidas  ALTAVENTURE 包頭涼鞋', '420', '1090'),
('adidas kids_新竹店', 'adidas RAPIDAZEN SLIP-O 運動鞋', '46', '1890'),
('adidas kids_新竹店', 'adidas  ALTAVENTURE 包頭涼鞋', '420', '1090'),
('adidas kids_新竹店', 'adidas 童鞋 RapidaZen', '0', '980'),
('adidas kids_新竹店', 'adidas 童鞋 Suru365', '0', '1890'),
('adidas kids_新竹店', 'adidas Sportswear Tensaur Sport 2.0', '308', '1512'),
('adidas Originals_天母店', 'adidas Originals ADVENTURE 短袖上衣 藍色', '0', '1290'),
('adidas Originals_天母店', 'adidas Originals ADICOLOR 漁夫帽 黑色', '0', '1090'),
('adidas Originals_天母店', 'adidas Originals ADVENTURE 短袖上衣 白色', '0', '1290'),
('adidas Originals_天母店', 'adidas Originals ADIFOM Q 經典鞋 白色', '388', '3890'),
('adidas Originals_天母店', 'adidas Originals CAMPUS 00S 經典鞋 紅色', '40', '3690'),
('adidas Originals_天母店', 'adidas Originals ANDRE SARAIVA 運動帽子 白色', '0', '1090'),
('adidas Originals_中壢店', 'adidas Originals ADVENTURE 短袖上衣 藍色', '0', '1290'),
('adidas Originals_中壢店', 'adidas Originals ADICOLOR 漁夫帽 黑色', '0', '1090'),
('adidas Originals_中壢店', 'adidas Originals ADVENTURE 短袖上衣 白色', '0', '1290'),
('adidas Originals_中壢店', 'adidas Originals ADIFOM Q 經典鞋 白色', '388', '3890'),
('adidas Originals_中壢店', 'adidas Originals CAMPUS 00S 經典鞋 紅色', '40', '3690'),
('adidas Originals_中壢店', 'adidas Originals ANDRE SARAIVA 運動帽子 白色', '0', '1090'),
('adidas Originals_高雄店', 'adidas Originals ADVENTURE 短袖上衣 藍色', '0', '1290'),
('adidas Originals_高雄店', 'adidas Originals ADICOLOR 漁夫帽 黑色', '0', '1090'),
('adidas Originals_高雄店', 'adidas Originals ADVENTURE 短袖上衣 白色', '0', '1290'),
('adidas Originals_高雄店', 'adidas Originals ADIFOM Q 經典鞋 白色', '388', '3890'),
('adidas Originals_高雄店', 'adidas Originals CAMPUS 00S 經典鞋 紅色', '40', '3690'),
('adidas Originals_高雄店', 'adidas Originals ANDRE SARAIVA 運動帽子 白色', '0', '1090'),
('Aesop_天母店', 'Aesop 二重奏潔面露 100ml', '152', '900'),
('Aesop_天母店', 'Aesop 溫和深層清潔組合', '0', '3100'),
('Aesop_天母店', 'Aesop 維他命 C 日夜滋養組合', '0', '7350'),
('Aesop_天母店', 'Aesop 摩洛哥橙花護膚乳液', '0', '1600'),
('Aesop_天母店', 'Aesop 苦橙甦活身體凝膠 150ml', '134', '1300'),
('Aesop_天母店', 'Aesop 香芹籽抗氧化護膚組合', '0', '4400'),
('Aesop_新竹店', 'Aesop 二重奏潔面露 100ml', '152', '900'),
('Aesop_新竹店', 'Aesop 溫和深層清潔組合', '0', '3100'),
('Aesop_新竹店', 'Aesop 維他命 C 日夜滋養組合', '0', '7350'),
('Aesop_新竹店', 'Aesop 摩洛哥橙花護膚乳液', '0', '1600'),
('Aesop_新竹店', 'Aesop 苦橙甦活身體凝膠 150ml', '134', '1300'),
('Aesop_新竹店', 'Aesop 香芹籽抗氧化護膚組合', '0', '4400'),
('agapebaby_高雄店', 'agapebaby ABC Design OKINI auto', '780', '12990'),
('agapebaby_高雄店', 'agapebaby Jodie多功能嬰兒床', '0', '16990'),
('agapebaby_高雄店', 'agapebaby moji-YIPPY COZY全成長型原木高腳椅', '120', '7990'),
('agapebaby_高雄店', 'agapebaby Osann Swift360 Pro汽座-曜石黑', '88', '9990'),
('agapebaby_高雄店', 'agapebaby Skyler折疊滑步車', '0', '3680'),
('agapebaby_高雄店', 'agapebaby STM Nike Max 汽車座椅', '0', '16990'),
('agete_台北忠孝館', 'agete 10K鑽石尾戒', '304', '9900'),
('agete_台北忠孝館', 'agete 10K麻花戒指', '0', '8500'),
('agete_台北忠孝館', 'agete 10K珍珠耳墜', '132', '7800'),
('agete_台北忠孝館', 'agete 10K紅寶石耳墜', '0', '4800'),
('agete_台北忠孝館', 'agete 10K密釘鑲鑽石戒指', '106', '10900'),
('agete_台北忠孝館', 'agete 10K彩寶戒指', '0', '13000'),
('agnes b._新竹店', 'agnes Voyage 經典包款', '94', '4999'),
('agnes b._新竹店', 'agnes 皮革包', '904', '10980'),
('agnès b._中壢店', 'agnes 橢圓標小圓釘尼龍肩背包', '154', '6980'),
('agnès b._中壢店', 'agnes Voyage 經典包款', '94', '4999'),
('agnès b._中壢店', 'agnes 皮革包', '904', '10980'),
('agnès b._台北復興館', 'agnes Voyage 經典包款', '94', '4999'),
('agnès b._天母店', 'agnes Voyage 經典包款', '94', '4999'),
('agnès b._天母店', 'agnes 皮革包', '904', '10980'),
('agnès b._天母店', 'agnes 橢圓標小圓釘尼龍肩背包', '154', '6980'),
('AIGLE_天母店', 'ALBION 妃思雅綻白之源滋潤滲透乳', '0', '3950'),
('AIGLE_天母店', 'ALBION 賦白彈力全能掃黑滲透乳(200g),', '0', '2300'),
('AIGLE_天母店', 'ALBION 妃思雅綻白之源卸妝凝膠', '0', '2000'),
('AIGLE_天母店', 'ALBION 肌淨光精華組', '0', '1650'),
('AIGLE_天母店', 'ALBION 超有型立體眉筆', '0', '1300'),
('AIGLE_天母店', 'ALBION 水吻綻動潤唇膏 3.2g', '226', '1000'),
('AiLi_中壢店', 'AiLi 夢特嬌-24吋 四輪行李箱', '478', '3928'),
('AiLi_中壢店', 'AiLi Echolac-24吋四輪行李箱', '632', '9840'),
('AiLi_中壢店', 'AiLi 休閒真皮防盜刷側背包', '0', '5742'),
('AiLi_新竹店', 'AiLi MONTAGUT 夢特嬌 後背包', '138', '2146'),
('AiLi_新竹店', 'AiLi 夢特嬌-24吋 四輪行李箱', '478', '3928'),
('AiLi_新竹店', 'AiLi Echolac-24吋四輪行李箱', '632', '9840'),
('aimerfeel_中壢店', 'aimerfeel 緞帶蕾絲無鋼圈超盛內衣', '0', '1088'),
('aimerfeel_中壢店', 'aimerfeel 公主風美胸超盛內衣 內衣&內褲成套', '0', '815'),
('aimerfeel_中壢店', 'aimerfeel 公主風美胸超盛內衣', '0', '640'),
('aimerfeel_中壢店', 'aimerfeel 優質超盛內衣  內衣&內褲成套', '0', '715'),
('aimerfeel_台北忠孝館', 'aimerfeel 優質超盛內衣', '0', '540'),
('aimerfeel_台北忠孝館', 'aimerfeel 百合刺繡蕾絲三角內褲', '142', '350'),
('Airfree_天母店', 'Airfree 葡萄牙AirFree空氣殺菌機Fit40', '44', '4480'),
('Airfree_天母店', 'Airfree 葡萄牙AirFree空氣殺菌機Tulip80', '0', '7600'),
('Airfree_天母店', 'Airfree 葡萄牙AirFree空氣殺菌機E125', '168', '10500'),
('Airfree_天母店', 'Airfree 葡萄牙AirFree空氣殺菌機P125', '84', '9440'),
('Airfree_高雄店', 'Airfree 葡萄牙AirFree空氣殺菌機Iris150', '138', '10800'),
('Airfree_高雄店', 'Airfree 葡萄牙AirFree空氣殺菌機E125', '168', '10500'),
('airweave_台北忠孝館', 'airweave 單人 - 25公分多模式S04床墊', '130', '112100'),
('airweave_台北忠孝館', 'airweave 標準枕 可調整高度', '76', '6916'),
('ALBION_台北忠孝館', 'ALBION 妃思雅晶湛永恒極效精華霜', '0', '8150'),
('ALBION_台北忠孝館', 'ALBION 妃思雅晶湛永恒新生乳霜', '0', '19550'),
('ALBION_台北忠孝館', 'ALBION 黃金全效修護精華油', '86', '1590'),
('ALBION_中壢店', 'ALBION 妃思雅晶湛永恒極效精華霜', '0', '8150'),
('ALBION_中壢店', 'ALBION 妃思雅晶湛永恒新生乳霜', '0', '19550'),
('aldomartins_台北敦化館', 'aldomartins 梅芙皺褶格子連衣裙', '24', '5710'),
('aldomartins_台北敦化館', 'aldomartins 中腰直筒牛仔褲', '0', '4920'),
('Alice & Olivia_台北復興館', 'Alice & Olivia 纯素皮革短裤', '0', '7800'),
('Alice & Olivia_台北復興館', 'Alice & Olivia Madison 吊带裙', '0', '21000'),
('ALLSAINTS_台北復興館', 'AllSaints 皮革之境中性淡香精 100ml', '0', '2900'),
('ALLSAINTS_台北復興館', 'AllSaints 金屬波光中性淡香精 100ml', '0', '2900'),
('ALLSAINTS_台北復興館', 'AllSaints 日落暴動中性淡香精 100ml', '0', '2900'),
('ALLSAINTS_台北復興館', 'AllSaints SIDNEY 皮革拼接外套', '228', '22500'),
('ALLSAINTS_台北復興館', 'AllSaints KIKKI 風衣外套', '0', '14600'),
('ALLSAINTS_台北復興館', 'AllSaints JEN 羊皮長褲', '0', '16900'),
('ALLSAINTS_新竹店', 'AllSaints 皮革之境中性淡香精 100ml', '0', '2900'),
('ALLSAINTS_新竹店', 'AllSaints 金屬波光中性淡香精 100ml', '0', '2900'),
('ALLSAINTS_新竹店', 'AllSaints 日落暴動中性淡香精 100ml', '0', '2900'),
('ALLSAINTS_新竹店', 'AllSaints SIDNEY 皮革拼接外套', '228', '22500'),
('ALLSAINTS_新竹店', 'AllSaints KIKKI 風衣外套', '0', '14600'),
('ALLSAINTS_新竹店', 'AllSaints JEN 羊皮長褲', '0', '16900'),
('AMEN_台北敦化館', 'AMEN 帆布托特包 ', '674', '399'),
('AMEN_台北敦化館', 'AMEN 連帽外套 ', '744', '1043'),
('Amina Rubinacci_台北敦化館', 'AMINA Saibaba Ethnique 新款印地安圖騰桌墊', '0', '890'),
('Amina Rubinacci_台北敦化館', 'Amina 金銅棕防潑水尼龍後背包', '802', '2150'),
('Anita Su_新竹店', 'Anita Su 藍綠小花長裙', '0', '13980'),
('Anita Su_新竹店', 'Anita Su 蘑菇無袖上衣', '0', '10980'),
('Anita Su_新竹店', 'Anita Su 優雅不規則袖', '0', '16980'),
('Anita Su_新竹店', 'Anita Su 油畫風森林襯衫', '0', '14980'),
('ANNE DE SOLENE 安妮莎琳_台北忠孝館', '安妮莎琳-ROXETTE 長纖細棉印花雙人床組-257秘密花園', '0', '6980'),
('ANNE DE SOLENE 安妮莎琳_台北忠孝館', '安妮莎琳-長纖細棉印花床組', '180', '180'),
('ANNE DE SOLENE 安妮莎琳_台北忠孝館', '安妮莎琳-Paradies 人體工學夏被-雙人', '0', '9180'),
('ANNE DE SOLENE 安妮莎琳_台北忠孝館', '安妮莎琳-Paradies 舒眠絨球枕', '0', '2363'),
('ANPANMAN SHOWCASE_新竹店', 'Anpanman 麵包超人軟綿綿軟軟球', '0', '133'),
('ANPANMAN SHOWCASE_新竹店', 'Anpanman 四階段多功能學習桌/遊戲桌', '0', '750'),
('ANPANMAN SHOWCASE_新竹店', 'Anpanman 麵包超人全明星玻璃杯 5入禮盒組', '152', '1350'),
('ANYSIS_台北忠孝館', 'anysis 平紋針織粗肩帶背心(寶藍),', '0', '1280'),
('ANYSIS_台北忠孝館', 'anysis 緞帶蝴蝶結泡泡袖上衣(粉),', '0', '2680'),
('ANYSIS_台北忠孝館', 'anysis 吊帶高腰褲(棕),', '0', '3480'),
('ANYSIS_台北忠孝館', 'anysis A字傘狀裙(土黃),', '322', '3480'),
('ANYSIS_台北忠孝館', 'anysis 直筒西裝褲(黑),', '0', '2680'),
('ANYSIS_台北忠孝館', 'anysis 立領法式袖T-shirt(天空藍),', '0', '1480'),
('APANAGE_台北敦化館', 'apanage 女罩衫外套', '0', '4500'),
('APANAGE_台北敦化館', 'apanage 花朵有領背心', '180', '3500'),
('APIVITA_台北復興館', 'APIVITA 希臘活泉保濕精華水', '0', '700'),
('APIVITA_台北復興館', 'APIVITA 活泉保濕抗氧組', '0', '2805'),
('APIVITA_台北復興館', 'APIVITA 粉瓷土舒緩淨化面膜', '0', '990'),
('APIVITA_台北復興館', 'APIVITA 私密保養潔膚露', '192', '590'),
('APIVITA_台北復興館', 'APIVITA 高山茶活膚沐浴露', '0', '660'),
('APIVITA_台北復興館', 'APIVITA 高山茶活膚滋養身體乳', '0', '670'),
('APIVITA_新竹店', 'APIVITA 希臘活泉保濕精華水', '0', '700'),
('APIVITA_新竹店', 'APIVITA 活泉保濕抗氧組', '0', '2805'),
('APIVITA_新竹店', 'APIVITA 粉瓷土舒緩淨化面膜', '0', '990'),
('APIVITA_新竹店', 'APIVITA 私密保養潔膚露', '192', '590'),
('APIVITA_新竹店', 'APIVITA 高山茶活膚沐浴露', '0', '660'),
('APIVITA_新竹店', 'APIVITA 高山茶活膚滋養身體乳', '0', '670'),
('B&W_台北復興館', 'Bowers & Wilkins 第五代 Zeppelin Wireless', '180', '19500'),
('B&W_台北復興館', 'B&W Bowers & Wilkins Formation Duo 立體聲無線藍牙書架式喇叭', '1456', '17400'),
('B&W_台北忠孝館', 'Bowers & Wilkins 第五代 Zeppelin Wireless', '180', '19500'),
('B&W_台北忠孝館', 'B&W Bowers & Wilkins Formation Duo 立體聲無線藍牙書架式喇叭', '1456', '17400'),
('B&W_台北忠孝館', 'B&W Bowers & Wilkins Formation AUDIO 無線音樂集線器', '0', '31100'),
('b.club_新竹店', 'b club 千鳥紋杏色外套', '0', '1699'),
('b.club_新竹店', 'b club 棉質圖案灰色長袖', '0', '699'),
('b.club_新竹店', 'b club 吊帶牛仔藍色連身裝', '0', '299'),
('b.temptd_新竹店', 'b.tempt’d-前扣式美背內衣', '0', '587'),
('b.temptd_新竹店', 'b.tempt’d M-L低腰丁字褲', '0', '247'),
('B.V.D_台北忠孝館', 'B.V.D 6件組吸汗速乾背心', '0', '929'),
('B.V.D_台北忠孝館', 'B.V.D 6件組100%純棉優質三角褲', '0', '961'),
('B.V.D_台北忠孝館', 'B.V.D 3件組100%厚暖棉圓領/U領/長褲', '0', '998'),
('BAC CAKE&SWEETS_台北忠孝館', 'BAC CAKE&SWEETS 百鑲鮮芒果蛋糕', '0', '950'),
('BAC CAKE&SWEETS_台北忠孝館', 'BAC CAKE&SWEETS 鮮芒果奶油起士盒', '0', '480'),
('BAC CAKE&SWEETS_台北忠孝館', 'BAC CAKE&SWEETS 6吋米奇造型蛋糕', '0', '1099'),
('Baccarat_台北忠孝館', 'Baccarat 透明兔 2023', '0', '6800'),
('Baccarat_台北忠孝館', 'Baccarat 長方形花瓶', '862', '24000'),
('Baccarat_天母店', 'Baccarat 燭杯', '472', '16000'),
('Baccarat_天母店', 'Baccarat 長方形花瓶', '862', '24000'),
('Baccarat_天母店', 'Baccarat 透明兔 2023', '0', '6800'),
('Baccarat_台北敦化館', 'Baccarat 透明兔 2023', '0', '6800'),
('Baccarat_台北敦化館', 'Baccarat 長方形花瓶', '862', '24000'),
('Baccarat_台北敦化館', 'Baccarat 燭杯', '472', '16000'),
('BAGMANIA_台北復興館', 'BAGMANIA Jacksons LOVE手工黃麻編織包', '0', '4392'),
('BAGMANIA_台北復興館', 'BAGMANIA LULUSIMON 黃色笑臉洗舊T恤', '0', '2412'),
('Baker Street貝克街_台北忠孝館', 'Baker Street 短袖T恤', '82', '1580'),
('Baker Street貝克街_台北忠孝館', 'Baker Street 高磅數長袖帽T', '0', '2680'),
('BALENCIAGA_台北復興館', 'BALENCIAGA Speed Trainer 黑白經典襪套', '186', '27500'),
('BALENCIAGA_台北復興館', 'BALENCIAGA 經典EVERYDAY系列品牌字母烙印小牛皮肩', '0', '35422'),
('BALENCIAGA_台北復興館', 'BALENCIAGA 巴黎世家GIANT12 Work機車包', '446', '52998'),
('BALLY_台北忠孝館', 'BALLY 紅白條紋塗層牛皮二用包', '0', '18111'),
('BALLY_台北忠孝館', 'BALLY 經典尼龍拉鍊斜背包', '0', '19008'),
('BALLY_台北忠孝館', 'BALLY 黑色飾Logo牛皮開車鞋', '0', '10680'),
('BALMUDA_台北復興館', 'BALMUDA蒸氣烤麵包機 #K05C', '0', '7290'),
('BALMUDA_台北復興館', 'BALMUDA GreenFan C2 百慕達空氣循環扇', '0', '5499'),
('BALMUDA_台北復興館', 'BALMUDA  The Gohan K03A 電鍋', '72', '14990'),
('BAO BAO ISSEY MIYAKE_台北復興館', 'BAOBAO 霧感束口肩', '0', '25800'),
('BAO BAO ISSEY MIYAKE_台北復興館', 'BAOBAO 皮質籃簍幾何方格手提包', '666', '23900'),
('BARONECE_天母店', 'BARONECE男款 休閒商務防風薄夾克外套', '0', '999'),
('BARONECE_天母店', 'BARONECE透氣清涼親膚平口休閒褲', '0', '780'),
('BARONECE_天母店', 'BARONECE商務職男舒適親膚西裝褲', '0', '799'),
('BBL_台北忠孝館', 'BBL 酒桶型全鏤空陀飛輪', '0', '18900'),
('BBL_台北忠孝館', 'BBL 當代機械腕錶', '0', '17800'),
('BBL_台北忠孝館', 'BBL 大馬士革鋼當代機械腕錶', '0', '25800'),
('BBL Premium_天母店', 'BBL Premium 布萊克雙面床墊', '214', '1698'),
('BBL Premium_天母店', 'BBL Premium 100%棉刺繡枕巾', '302', '780'),
('BBL Premium_新竹店', 'BBL Premium 布萊克床墊+枕套', '0', '2700'),
('BBL Premium_新竹店', 'BBL Premium 布萊克雙面床墊', '214', '1698'),
('BBL Premium_新竹店', 'BBL Premium 100%棉刺繡枕巾', '302', '780'),
('beard papa_台北復興館', 'Beard papa 日式泡芙(香草),6入組', '382', '360'),
('beard papa_台北復興館', 'Beard papa 日式泡芙(草莓),6入組', '248', '420'),
('beard papa_中壢店', 'Beard papa 日式泡芙(草莓),1入', '278', '70'),
('beard papa_中壢店', 'Beard papa 日式泡芙(香草),6入組', '382', '360'),
('beard papa_中壢店', 'Beard papa 日式泡芙(草莓),6入組', '248', '420'),
('beard papa_天母店', 'Beard papa 日式泡芙(香草),6入組', '382', '360'),
('beard papa_天母店', 'Beard papa 日式泡芙(草莓),6入組', '248', '420'),
('beard papa_天母店', 'Beard papa 日式泡芙(草莓),1入', '278', '70'),
('Beauty Gallery_台北復興館', 'beauty gallery Tiffany & Co.玫瑰金女性淡香精', '0', '5200'),
('Beauty Gallery_台北復興館', 'beauty gallery BVLGARI寶格麗歡沁玫香女性淡香水', '0', '4475'),
('Beauty Gallery_台北復興館', 'beauty gallery GUCCI 花悅馥意女性淡香精', '0', '4800'),
('Beauty Gallery_台北復興館', 'beauty gallery Goutal Paris哈德良雪松淡香精 BOIS D HADRIEN', '0', '7000'),
('Beauty Gallery_台北復興館', 'beauty gallery Tiffany & Co.同名女性淡香精', '0', '5700'),
('Beauty Gallery_台北復興館', 'beauty gallery BVLGARI寶格麗玫瑰金漾女性淡香精', '280', '6650'),
('Beauty Gallery_中壢店', 'beauty gallery Tiffany & Co.玫瑰金女性淡香精', '0', '5200'),
('Beauty Gallery_中壢店', 'beauty gallery BVLGARI寶格麗歡沁玫香女性淡香水', '0', '4475'),
('Beauty Gallery_中壢店', 'beauty gallery GUCCI 花悅馥意女性淡香精', '0', '4800'),
('Beauty Gallery_中壢店', 'beauty gallery Goutal Paris哈德良雪松淡香精 BOIS D HADRIEN', '0', '7000'),
('Beauty Gallery_中壢店', 'beauty gallery Tiffany & Co.同名女性淡香精', '0', '5700'),
('Beauty Gallery_中壢店', 'beauty gallery BVLGARI寶格麗玫瑰金漾女性淡香精', '280', '6650'),
('Been Teen_台北忠孝館', 'Been Teen 校園運動系列 M-3L套穿式背心(動力灰),', '168', '800'),
('Been Teen_台北忠孝館', 'Been Teen 遨遊夏記 M-LL低腰平口褲(清爽紫), 搭配內褲', '0', '350'),
('Been Teen_台北忠孝館', 'Been Teen 學生系列-有氧牛奶纖維 A-C罩杯第三階段內衣(快樂藍),', '0', '880'),
('Been Teen_台北忠孝館', 'Been Teen FTC記型無痕B-E罩杯內衣(黑),記型鋼圈-超細纖維-均薄無縫', '0', '1480'),
('Been Teen_台北忠孝館', 'Been Teen 環保系列-寶特瓶紗 A-C罩杯內衣(晨曦藍), 第三階段內衣 消臭抑菌 親膚性佳', '0', '750'),
('Been Teen_台北忠孝館', 'Been Teen S-LL長袖蘭姿', '0', '680'),
('Been Teen_天母店', 'Been Teen 校園運動系列 M-3L套穿式背心(動力灰),', '168', '800'),
('Been Teen_天母店', 'Been Teen 遨遊夏記 M-LL低腰平口褲(清爽紫), 搭配內褲', '0', '350'),
('Been Teen_天母店', 'Been Teen 學生系列-有氧牛奶纖維 A-C罩杯第三階段內衣(快樂藍),', '0', '880'),
('Been Teen_天母店', 'Been Teen FTC記型無痕B-E罩杯內衣(黑),記型鋼圈-超細纖維-均薄無縫', '0', '1480'),
('Been Teen_天母店', 'Been Teen 環保系列-寶特瓶紗 A-C罩杯內衣(晨曦藍), 第三階段內衣 消臭抑菌 親膚性佳', '0', '750'),
('Been Teen_天母店', 'Been Teen S-LL長袖蘭姿', '0', '680'),
('Been Teen_中壢店', 'Been Teen 校園運動系列 M-3L套穿式背心(動力灰),', '168', '800'),
('Been Teen_中壢店', 'Been Teen 遨遊夏記 M-LL低腰平口褲(清爽紫), 搭配內褲', '0', '350'),
('Been Teen_中壢店', 'Been Teen 學生系列-有氧牛奶纖維 A-C罩杯第三階段內衣(快樂藍),', '0', '880'),
('Been Teen_中壢店', 'Been Teen FTC記型無痕B-E罩杯內衣(黑),記型鋼圈-超細纖維-均薄無縫', '0', '1480'),
('Been Teen_中壢店', 'Been Teen 環保系列-寶特瓶紗 A-C罩杯內衣(晨曦藍), 第三階段內衣 消臭抑菌 親膚性佳', '0', '750'),
('Been Teen_中壢店', 'Been Teen S-LL長袖蘭姿', '0', '680'),
('Been Teen_新竹店', 'Been Teen 校園運動系列 M-3L套穿式背心(動力灰),', '168', '800'),
('Been Teen_新竹店', 'Been Teen 遨遊夏記 M-LL低腰平口褲(清爽紫), 搭配內褲', '0', '350'),
('Been Teen_新竹店', 'Been Teen 學生系列-有氧牛奶纖維 A-C罩杯第三階段內衣(快樂藍),', '0', '880'),
('Been Teen_新竹店', 'Been Teen FTC記型無痕B-E罩杯內衣(黑),記型鋼圈-超細纖維-均薄無縫', '0', '1480'),
('Been Teen_新竹店', 'Been Teen 環保系列-寶特瓶紗 A-C罩杯內衣(晨曦藍), 第三階段內衣 消臭抑菌 親膚性佳', '0', '750'),
('Been Teen_新竹店', 'Been Teen S-LL長袖蘭姿', '0', '680'),
('BEN&1966_中壢店', 'BEN&1966 高級飛織布極輕巧透氣休閒鞋', '0', '1680'),
('BEN&1966_中壢店', 'BEN&1966 經典舒適植鞣羊皮摺疊鞋', '0', '2680'),
('BEN&1966_中壢店', 'BEN&1966 經典頭層牛皮個性釦飾圓頭厚底休閒鞋', '0', '3680'),
('BEN&1966_中壢店', 'BEN&1966 經典高級丹寧布閃亮鑽髒髒鞋', '0', '3580'),
('BEN&1966_中壢店', 'BEN&1966 高級頭層牛油皮經典兩穿德比鞋', '0', '1680'),
('BEN&1966_中壢店', 'BEN&1966 高級頭層金屬牛皮流行厚底涼鞋', '0', '1680'),
('benefit_台北復興館', 'benefit 哇！亮顏棒', '0', '1160'),
('benefit_台北復興館', 'benefit 嘖嘖稱齊毛孔隱形露', '0', '1360'),
('benefit_台北復興館', 'benefit 磁犀利睫毛膏 9g', '0', '1120'),
('benefit_台北復興館', 'benefit 夢遊仙境頰彩盒', '0', '1160'),
('benefit_台北復興館', 'benefit 假不了! 我就細眼線液筆', '0', '960'),
('benefit_台北復興館', 'benefit 這細我的眉筆', '0', '1040'),
('Benteau_台北忠孝館', 'BENTEAU 少女時光 活圍戒指', '0', '980'),
('Benteau_台北忠孝館', 'BENTEAU 光輝 活圍戒指', '0', '780'),
('Benteau_台北忠孝館', 'BENTEAU 落雪紛飛 活圍戒指', '0', '1480'),
('Benteau_台北忠孝館', 'BENTEAU 約定 K合金戒指', '0', '780'),
('Benteau_台北忠孝館', 'BENTEAU 花圈 活圍戒指', '0', '780'),
('Benteau_台北忠孝館', 'BENTEAU 金銀帝國 活圍戒指', '0', '1480'),
('Benteau_中壢店', 'BENTEAU 少女時光 活圍戒指', '0', '980'),
('Benteau_中壢店', 'BENTEAU 光輝 活圍戒指', '0', '780'),
('Benteau_中壢店', 'BENTEAU 落雪紛飛 活圍戒指', '0', '1480'),
('Benteau_中壢店', 'BENTEAU 約定 K合金戒指', '0', '780'),
('Benteau_中壢店', 'BENTEAU 花圈 活圍戒指', '0', '780'),
('Benteau_中壢店', 'BENTEAU 金銀帝國 活圍戒指', '0', '1480'),
('Berkemann_台北復興館', 'Berkemann可置換鞋墊健康拖鞋(藍色),', '118', '999999'),
('Berkemann_台北復興館', 'Berkemann可置換鞋墊健康拖鞋(白色),', '10', '999999'),
('Berkemann_台北復興館', 'Berkemann可置換鞋墊健康拖鞋(黃色),', '0', '999999'),
('Berkemann_台北復興館', 'Berkemann調整足弓健康拖鞋(藍色),', '0', '999999'),
('Berkemann_台北復興館', 'Berkemann調整足弓健康拖鞋(白色),', '0', '999999'),
('Berkemann_台北復興館', 'Berkemann調整足弓健康拖鞋(黃色),', '0', '999999'),
('Berndes_中壢店', 'Berndes 經典系列深炒鍋28cm(無蓋),-原廠正貨皆有保固(贈台灣製鍋蓋28cm),', '0', '2980'),
('Berndes_中壢店', 'Berndes ALU INDUCTION B.NATURE 陶瓷不沾鍋平底鍋20cm', '396', '888'),
('Berndes_中壢店', 'Berndes 經典系列雙耳湯鍋24cm(含蓋),-原廠正貨皆有保固', '0', '3880'),
('Berndes_中壢店', 'Berndes Modern Twist 經典餐墊-絲線(二色),', '0', '760'),
('Berndes_中壢店', 'Berndes 原礦系列平底煎24cm-原廠正貨皆有保固', '0', '2995'),
('Berndes_中壢店', 'Berndes 極炫中式單柄深炒鍋含蓋32cm', '616', '4980'),
('Berndes_台北忠孝館', 'Berndes 經典系列深炒鍋28cm(無蓋),-原廠正貨皆有保固(贈台灣製鍋蓋28cm),', '0', '2980'),
('Berndes_台北忠孝館', 'Berndes ALU INDUCTION B.NATURE 陶瓷不沾鍋平底鍋20cm', '396', '888'),
('Berndes_台北忠孝館', 'Berndes 經典系列雙耳湯鍋24cm(含蓋),-原廠正貨皆有保固', '0', '3880'),
('Berndes_台北忠孝館', 'Berndes Modern Twist 經典餐墊-絲線(二色),', '0', '760'),
('Berndes_台北忠孝館', 'Berndes 原礦系列平底煎24cm-原廠正貨皆有保固', '0', '2995'),
('Berndes_台北忠孝館', 'Berndes 極炫中式單柄深炒鍋含蓋32cm', '616', '4980'),
('BEST HOME COLLECTION_台北忠孝館', 'BEST HOME COLLECTION 沐浴乳', '0', '400'),
('BEST HOME COLLECTION_台北忠孝館', 'BEST HOME COLLECTION 洗髮乳', '0', '400'),
('BEST HOME COLLECTION_台北忠孝館', 'BEST HOME COLLECTION 毛巾', '0', '200'),
('BEST HOME COLLECTION_台北忠孝館', 'BEST HOME COLLECTION 拖鞋', '0', '200'),
('BEST HOME COLLECTION_台北忠孝館', 'BEST HOME COLLECTION 浴帽', '54', '100'),
('BEST HOME COLLECTION_台北忠孝館', 'BEST HOME COLLECTION 地墊', '0', '800'),
('bettys_中壢店', 'bettys 格子吊帶假兩件洋裝(卡其),', '0', '1440'),
('bettys_中壢店', 'bettys 格子吊帶假兩件洋裝(淺綠),', '20', '1440'),
('bettys_中壢店', 'bettys 鬆緊綁帶直筒牛仔褲', '0', '1090'),
('bettys_中壢店', 'bettys 假兩件拼接寬版上衣(黑),', '0', '1290'),
('bettys_中壢店', 'bettys 假兩件拼接寬版上衣(黃),', '0', '1290'),
('bettys_中壢店', 'bettys 假兩件拼接寬版上衣(藍),', '0', '1290'),
('beurer_高雄店', 'bettys 格子吊帶假兩件洋裝(卡其),', '0', '1440'),
('beurer_高雄店', 'bettys 格子吊帶假兩件洋裝(淺綠),', '20', '1440'),
('beurer_高雄店', 'bettys 鬆緊綁帶直筒牛仔褲', '0', '1090'),
('beurer_高雄店', 'bettys 假兩件拼接寬版上衣(黑),', '0', '1290'),
('beurer_高雄店', 'bettys 假兩件拼接寬版上衣(黃),', '0', '1290'),
('beurer_高雄店', 'bettys 假兩件拼接寬版上衣(藍),', '0', '1290'),
('bgreen_中壢店', 'bgreen 運動家具 全方位釋壓枕 P3(0-2號),', '0', '5980'),
('bgreen_中壢店', 'bgreen 運動家具 沐意森活 悠活凳WS1', '86', '8600'),
('bgreen_中壢店', 'bgreen 運動家具 ReLegs 完美曲線舒腿枕', '0', '5980'),
('bgreen_中壢店', 'bgreen運動家具 BR2運動養生椅', '0', '168000'),
('bgreen_中壢店', 'bgreen運動家具 水平律動養生沙發 DL1', '0', '228000'),
('bgreen_中壢店', 'bgreen運動家具BG2 水平律動舒眠床(尊爵棕),', '0', '248000'),
('bgreen_高雄店', 'bgreen 運動家具 全方位釋壓枕 P3(0-2號),', '0', '5980'),
('bgreen_高雄店', 'bgreen 運動家具 沐意森活 悠活凳WS1', '86', '8600'),
('bgreen_高雄店', 'bgreen 運動家具 ReLegs 完美曲線舒腿枕', '0', '5980'),
('bgreen_高雄店', 'bgreen運動家具 BR2運動養生椅', '0', '168000'),
('bgreen_高雄店', 'bgreen運動家具 水平律動養生沙發 DL1', '0', '228000'),
('bgreen_高雄店', 'bgreen運動家具BG2 水平律動舒眠床(尊爵棕),', '0', '248000'),
('BIG TRAIN_新竹店', 'BIG TRAIN武骨戰魂2件包', '0', '690'),
('BIG TRAIN_新竹店', 'BIG TRAIN 衝浪企鵝全棉修身女T(白),', '0', '690'),
('BIG TRAIN_新竹店', 'BIG TRAIN 衝浪企鵝全棉修身女T(黃),', '0', '690'),
('BIG TRAIN_新竹店', 'BIG TRAIN 衝浪企鵝全棉修身女T(藍),', '0', '690'),
('BIG TRAIN_新竹店', 'BIG TRAIN 條紋雪紡短袖女上衣(灰),', '0', '690'),
('BIG TRAIN_新竹店', 'BIG TRAIN 條紋雪紡短袖女上衣(藍),', '0', '690');


-- 插入 Supplier 資料
INSERT INTO Supplier (Name, Address, Contact) VALUES
('順豐供應商', '台北市大安區忠孝東路一段100號', '02-12345678'),
('雅品家居有限公司', '台北市信義區忠孝東路100號', '02-12345678'),
('盛大食品加工廠', '新北市中和區環河路200號', '02-23456789'),
('綺華時尚鞋包公司', '台中市西屯區文心南路300號', '04-34567890'),
('典雅家飾進出口商', '高雄市苓雅區建國一路400號', '07-45678901'),
('金鑽珠寶批發商', '桃園市中壢區中山東路500號', '03-56789012'),
('瑰麗家具供應商', '新竹市東區光復路600號', '03-67890123'),
('華美飾品有限公司', '台北市大安區忠孝東路700號', '02-78901234'),
('欣欣生活百貨', '新北市板橋區中山路800號', '02-89012345'),
('藝華精品進出口商', '台中市南區建國北路900號', '04-90123456'),
('碧玉珠寶批發商', '高雄市前金區中山一路1000號', '07-01234567'),
('昇隆家飾有限公司', '桃園市中壢區環中東路1100號', '03-12345678'),
('優雅時尚鞋包企業', '新竹市北區光華路1200號', '03-23456789'),
('綺麗珠寶進出口商', '台中市西區文心路1300號', '04-34567890'),
('美光供應商', '台北市大同區重慶北路16號', '02-67890123'),
('群創供應商', '台北市大安區仁愛路17號', '02-78901234'),
('榮創供應商', '新北市三峽區大同路18號', '02-89012345'),
('華碩供應商', '台中市南區建國南路19號', '04-90123456'),
('南亞供應商', '高雄市左營區明華一路20號', '07-01234567'),
('綠意園景綠化設計公司', '台北市中山區建國北路21號', '02-34567890'),
('華麗時尚珠寶公司', '新北市板橋區文化路22號', '02-45678901'),
('優品家居裝潢公司', '台中市南區建國南路23號', '04-56789012'),
('創意文具批發商', '高雄市前鎮區成功一路24號', '07-67890123'),
('智能科技供應商', '桃園市中壢區中山東路25號', '03-78901234'),
('宏碁電子器材公司', '新竹市東區光復路26號', '03-89012345'),
('雅典高級傢俱公司', '台北市大安區敦化南路27號', '02-90123456'),
('藝珂化妝品批發商', '新北市三重區重新路28號', '02-01234567'),
('源興食品加工廠', '台中市北區建國北路29號', '04-12345678'),
('晴天家電製造商', '台北市松山區八德路30號', '02-23456789'),
('巧克力樂園糖果公司', '桃園市蘆竹區大同路31號', '03-34567890'),
('魅力時尚精品公司', '新竹市東區光復路32號', '03-45678901'),
('天使音樂樂器行', '台北市信義區松德路33號', '02-56789012'),
('優美花藝設計公司', '新北市汐止區大同路34號', '02-67890123'),
('迪奧國際貿易公司', '台中市南區建國南路35號', '04-78901234'),
('尚品美容器材批發商', '高雄市左營區明華一路36號', '07-89012345'),
('華夏食品進出口商', '桃園市中壢區中山東路37號', '03-90123456'),
('金牌高級珠寶供應商', '新竹市東區光復路38號', '03-01234567'),
('美寶健康食品公司', '台北市士林區德行西路40號', '02-12345678'),
('歐洲時尚鞋包公司', '新北市三重區重新路41號', '02-23456789'),
('創新家飾進出口商', '台中市西屯區福星北路42號', '04-34567890'),
('美鑽珠寶批發商', '高雄市前鎮區成功二路43號', '07-45678901'),
('精品家具供應商', '桃園市中壢區中山東路44號', '03-56789012'),
('雋煌時尚配飾公司', '新竹市東區光復路45號', '03-67890123'),
('巨鵬供應商', '台北市大同區承德路46號', '02-78901234'),
('美奇電子供應商', '新北市汐止區大同路47號', '02-89012345'),
('明德商行', '台中市南區建國南路48號', '04-90123456'),
('新源悅美', '台北市中山區民生東路49號', '02-01234567'),
('耐斯文具批發商', '桃園市中壢區中山東路50號', '03-12345678'),
('鑫欣供應商', '新竹市東區光復路51號', '03-23456789'),
('福康食品公司', '台北市大同區重慶北路52號', '02-34567890'),
('富美飾品批發商', '新北市三重區重新路53號', '02-45678901'),
('達鴻國際貿易公司', '台中市南區建國南路54號', '04-56789012'),
('優聲音響供應商', '高雄市左營區明華一路55號', '07-67890123'),
('中港國際貿易', '桃園市中壢區中山東路56號', '03-78901234'),
('源發貿易供應商', '新竹市東區光復路57號', '03-89012345'),
('奇新科技', '台北市大同區重慶北路58號', '02-90123456'),
('佳心文具供應商', '新北市汐止區大同路59號', '02-01234567'),
('美麗居家飾品公司', '台中市西屯區福星北路60號', '04-12345678'),
('寶瑞珠寶批發商', '高雄市前鎮區成功二路61號', '07-23456789'),
('華川家飾進出口商', '桃園市中壢區中山東路62號', '03-34567890'),
('新潮流時尚鞋包公司', '新竹市東區光復路63號', '03-45678901'),
('千奇百怪玩具供應商', '台北市大同區承德路64號', '02-56789012'),
('芳香美妝用品批發商', '新北市汐止區大同路65號', '02-67890123'),
('盛世科技電子公司', '台中市南區建國南路66號', '04-78901234'),
('億昇音響供應商', '高雄市左營區明華一路67號', '07-89012345'),
('珍寶珠寶供應商', '桃園市中壢區中山東路68號', '03-90123456'),
('智慧家電進出口商', '新竹市東區光復路69號', '03-01234567'),
('巨豪供應商', '台北市大同區重慶北路70號', '02-12345678'),
('鑫鑽珠寶批發商', '新北市三重區重新路71號', '02-23456789'),
('順盛國際貿易公司', '台中市南區建國南路72號', '04-34567890'),
('億利文具供應商', '高雄市左營區明華一路73號', '07-45678901'),
('新藝術家飾品公司', '桃園市中壢區中山東路74號', '03-56789012'),
('雅奇音響供應商', '新竹市東區光復路75號', '03-67890123'),
('鑫源貿易', '台北市大同區承德路76號', '02-78901234'),
('美之源美妝用品批發商', '新北市汐止區大同路77號', '02-89012345'),
('龍門科技電子公司', '台中市南區建國南路78號', '04-90123456'),
('青鳥環保科技有限公司', '台北市中山區建國北路79號', '02-01234567'),
('舒爾特家居有限公司', '新北市板橋區文化路80號', '02-12345678'),
('映美食品加工廠', '桃園市中壢區中山東路81號', '03-23456789'),
('華泰時尚鞋包公司', '新竹市東區光復路82號', '03-34567890'),
('鴻安家飾進出口商', '台中市南區建國南路83號', '04-45678901'),
('碧雲珠寶批發商', '高雄市前金區中山一路84號', '07-56789012'),
('悠逸家具供應商', '桃園市中壢區中山東路85號', '03-67890123'),
('好美飾品有限公司', '台北市大安區忠孝東路86號', '02-78901234'),
('飛魚生活百貨', '新北市板橋區中山路87號', '02-89012345'),
('美心精品進出口商', '台中市南區建國北路88號', '04-90123456'),
('碧碧珠寶批發商', '高雄市左營區明華一路89號', '07-01234567'),
('喜來登家飾有限公司', '桃園市中壢區環中東路90號', '03-12345678'),
('華麗時尚鞋包企業', '新竹市北區光華路91號', '03-23456789'),
('寶石珠寶進出口商', '台中市西區文心路92號', '04-34567890'),
('千金供應商', '台北市大同區重慶北路93號', '02-45678901'),
('良友供應商', '台北市大安區仁愛路94號', '02-56789012'),
('義隆供應商', '新北市三峽區大同路95號', '02-67890123'),
('宏碁供應商', '台中市南區建國南路96號', '04-78901234'),
('聯華供應商', '高雄市左營區明華一路97號', '07-89012345'),
('全盛家飾有限公司', '高雄市苓雅區建國一路79號', '07-01234567'),
('雅緻時尚鞋包公司', '桃園市中壢區中山東路80號', '03-12345678'),
('美國時尚精品批發商', '台中市西區文心路82號', '04-34567890'),
('華府珠寶供應商', '高雄市前金區中山一路83號', '07-45678901'),
('雅趣家具進出口商', '桃園市中壢區中山東路84號', '03-56789012'),
('悅巧精品公司', '新竹市東區光復路85號', '03-67890123');

-- 插入 Purchase_Detail 資料
INSERT INTO Purchase_Detail (Serial_number, Store_Name, Supplier, Time, Goods, Amount) VALUES
('1', '10Days睡眠科技_台北忠孝館', '義隆供應商', '2024/03/01 12:35:09', '10Days 恬褋仕 柔眠枕(晨曦白)10cm', '14'),
('2', '0918_台北忠孝館', '華美飾品有限公司', '2024/03/01 14:08:50', '0918 復古玫瑰印花壓摺荷葉裝飾鬆緊腰長裙', '53'),
('3', 'Baccarat_台北忠孝館', '美麗居家飾品公司', '2024/03/01 15:28:44', 'Baccarat 長方形花瓶', '29'),
('4', 'Baccarat_台北敦化館', '美心精品進出口商', '2024/03/01 16:07:33', 'Baccarat 長方形花瓶', '75'),
('5', '23區_台北忠孝館', '達鴻國際貿易公司', '2024/03/01 17:15:55', '23區 ALBINI純棉基本款上衣', '73'),
('6', 'BAO BAO ISSEY MIYAKE_台北復興館', '歐洲時尚鞋包公司', '2024/03/01 18:19:12', 'BAOBAO 皮質籃簍幾何方格手提包', '39'),
('7', '1929家居生活館_高雄店', '精品家具供應商', '2024/03/01 19:24:51', '1929 比得兔丘頂之歌單人兩用被床包組(5件組)', '15'),
('8', 'adidas kids_新竹店', '盛世科技電子公司', '2024/03/01 20:17:42', 'adidas RAPIDAZEN SLIP-O 運動鞋', '21'),
('9', '45rpm_台北忠孝館', '美國時尚精品批發商', '2024/03/02 11:15:38', '45rpm 印度麻馬德拉斯 908連帽衫', '21'),
('10', 'B&W_台北復興館', '智慧家電進出口商', '2024/03/02 12:31:14', 'B&W Bowers & Wilkins Formation Duo 立體聲無線藍牙書架式喇叭', '23'),
('11', 'ALLSAINTS_台北復興館', '南亞供應商', '2024/03/02 13:49:47', 'AllSaints SIDNEY 皮革拼接外套', '78'),
('12', 'AiLi_新竹店', '順豐供應商', '2024/03/02 14:38:47', 'AiLi Echolac-24吋四輪行李箱', '78'),
('13', 'adidas_中壢店', '源發貿易供應商', '2024/03/02 16:26:43', 'adidas 女款運動短褲', '56'),
('14', 'AIGLE_天母店', '千金供應商', '2024/03/02 17:30:58', 'ALBION 水吻綻動潤唇膏 3.2g', '16'),
('15', '康是美_廣三門市', '良友供應商', '2024/03/02 18:44:57', '美人魚霓采打亮修容餅 glow like a mermaid highlighter', '56'),
('16', 'adidas kids_新竹店', '良友供應商', '2024/03/02 19:56:13', 'adidas Sportswear Tensaur Sport 2.0', '55'),
('17', 'Amina Rubinacci_台北敦化館', '雋煌時尚配飾公司', '2024/03/02 20:33:49', 'Amina 金銅棕防潑水尼龍後背包', '97'),
('18', '10/10 HOPE_台北復興館', '美國時尚精品批發商', '2024/03/02 21:26:09', '10/10 HOPE NEOM靜心舒眠香氛蠟燭', '59'),
('19', 'Amina Rubinacci_台北敦化館', '華川家飾進出口商', '2024/03/02 21:57:55', 'Amina 金銅棕防潑水尼龍後背包', '35'),
('20', '10/10 HOPE_台北復興館', '巨豪供應商', '2024/03/03 12:56:55', '10/10 HOPE NEOM靜心舒眠香氛蠟燭', '36'),
('21', 'AiLi_新竹店', '華麗時尚鞋包企業', '2024/03/03 14:23:40', 'AiLi MONTAGUT 夢特嬌 後背包', '69'),
('22', 'B&W_台北忠孝館', '億昇音響供應商', '2024/03/03 14:57:12', 'B&W Bowers & Wilkins Formation Duo 立體聲無線藍牙書架式喇叭', '79'),
('23', '23區_新竹店', '美心精品進出口商', '2024/03/03 16:49:47', '23區 Typewriter高級混棉無袖襯衫', '27'),
('24', 'AMEN_台北敦化館', '順盛國際貿易公司', '2024/03/03 18:32:58', 'AMEN 連帽外套 ', '80'),
('25', 'beard papa_天母店', '宏碁供應商', '2024/03/03 19:41:13', 'Beard papa 日式泡芙(香草)6入組', '83'),
('26', 'Airfree_天母店', '巨豪供應商', '2024/03/03 21:39:26', 'Airfree 葡萄牙AirFree空氣殺菌機P125', '42'),
('27', 'adidas kids_天母店', '鑫欣供應商', '2024/03/04 12:36:05', 'adidas  ALTAVENTURE 包頭涼鞋', '82'),
('28', 'adidas Originals_高雄店', '欣欣生活百貨', '2024/03/04 13:23:03', 'adidas Originals ADIFOM Q 經典鞋 白色', '19'),
('29', 'airweave_台北忠孝館', '群創供應商', '2024/03/04 15:10:53', 'airweave 單人 - 25公分多模式S04床墊', '65'),
('30', '0918_天母店', '美心精品進出口商', '2024/03/04 17:07:16', '0918 復古玫瑰印花壓摺荷葉裝飾鬆緊腰長裙', '67'),
('31', '3M_新竹店', '藝華精品進出口商', '2024/03/04 18:37:18', '3M 無痕 極淨防水收納-浴室免鑽-三角置物架', '91'),
('32', 'Berndes_中壢店', '鑫源貿易', '2024/03/04 19:27:31', 'Berndes 極炫中式單柄深炒鍋含蓋32cm', '23'),
('33', '10/10 HOPE_新竹店', '藝華精品進出口商', '2024/03/04 21:24:57', '10/10 HOPE bamford紅霞香氛蠟燭', '3'),
('34', '0918_中壢店', '藝華精品進出口商', '2024/03/04 21:57:22', '0918 復古玫瑰印花壓摺荷葉裝飾鬆緊腰長裙', '81'),
('35', 'BBL Premium_新竹店', '鑫欣供應商', '2024/03/05 11:57:14', 'BBL Premium 布萊克雙面床墊', '43'),
('36', 'beard papa_台北復興館', '華夏食品進出口商', '2024/03/05 12:47:29', 'Beard papa 日式泡芙(草莓)6入組', '4'),
('37', 'Baccarat_台北忠孝館', '達鴻國際貿易公司', '2024/03/05 13:50:40', 'Baccarat 長方形花瓶', '1'),
('38', 'a la sha_台北復興館', '順豐供應商', '2024/03/05 15:45:59', 'a la sha 斜紋九分合身褲', '11'),
('39', 'AiLi_新竹店', '聯華供應商', '2024/03/05 17:18:06', 'AiLi Echolac-24吋四輪行李箱', '19'),
('40', 'B&W_台北復興館', '順豐供應商', '2024/03/05 18:59:16', 'Bowers & Wilkins 第五代 Zeppelin Wireless', '10'),
('41', 'adidas_台北復興館', '藝華精品進出口商', '2024/03/05 19:55:13', 'adidas 女款ULTRABOOST LIGHT 跑鞋', '39'),
('42', 'ANNE DE SOLENE 安妮莎琳_台北忠孝館', '鑫欣供應商', '2024/03/05 21:00:37', '安妮莎琳-長纖細棉印花床組', '90'),
('43', 'BBL Premium_天母店', '瑰麗家具供應商', '2024/03/05 21:38:02', 'BBL Premium 布萊克雙面床墊', '64'),
('44', 'adidas kids_新竹店', '龍門科技電子公司', '2024/03/06 12:27:10', 'adidas  ALTAVENTURE 包頭涼鞋', '92'),
('45', 'adidas_天母店', '南亞供應商', '2024/03/06 13:50:05', 'adidas 男款ULTRABOOST LIGHT 跑鞋', '10'),
('46', 'Airfree_高雄店', '奇新科技', '2024/03/06 14:35:24', 'Airfree 葡萄牙AirFree空氣殺菌機E125', '84'),
('47', 'APIVITA_台北復興館', '巨豪供應商', '2024/03/06 15:15:08', 'APIVITA 私密保養潔膚露', '64'),
('48', '111SKIN_台北復興館', '藝珂化妝品批發商', '2024/03/06 16:06:55', '111SKIN 緊緻賦活藍眼膜', '97'),
('49', 'airweave_台北忠孝館', '聯華供應商', '2024/03/06 17:56:32', 'airweave 標準枕 可調整高度', '21'),
('50', 'AMEN_台北敦化館', '聯華供應商', '2024/03/06 18:49:17', 'AMEN 帆布托特包 ', '67'),
('51', 'APANAGE_台北敦化館', '美國時尚精品批發商', '2024/03/06 20:24:48', 'apanage 花朵有領背心', '90'),
('52', 'adidas Originals_天母店', '歐洲時尚鞋包公司', '2024/03/06 21:34:58', 'adidas Originals CAMPUS 00S 經典鞋 紅色', '20'),
('53', 'agnès b._天母店', '悅巧精品公司', '2024/03/07 11:43:37', 'agnes 橢圓標小圓釘尼龍肩背包', '29'),
('54', 'adidas_中壢店', '飛魚生活百貨', '2024/03/07 13:23:05', 'adidas 女款ULTRABOOST LIGHT 跑鞋', '74'),
('55', 'agapebaby_高雄店', '聯華供應商', '2024/03/07 14:52:57', 'agapebaby ABC Design OKINI auto', '84'),
('56', 'BBL Premium_天母店', '美之源美妝用品批發商', '2024/03/07 15:36:33', 'BBL Premium 100%棉刺繡枕巾', '14'),
('57', '台隆手創館_廣三門市', '迪奧國際貿易公司', '2024/03/07 16:33:06', '腮紅霜 Cream cheek', '32'),
('58', 'BBL Premium_天母店', '千金供應商', '2024/03/07 17:23:07', 'BBL Premium 100%棉刺繡枕巾', '44'),
('59', 'agnes b._新竹店', '順豐供應商', '2024/03/07 18:43:02', 'agnes 皮革包', '13'),
('60', 'adidas kids_天母店', '歐洲時尚鞋包公司', '2024/03/07 19:51:03', 'adidas  ALTAVENTURE 包頭涼鞋', '36'),
('61', '3M_新竹店', '舒爾特家居有限公司', '2024/03/07 21:33:55', '3M 無痕 極淨防水收納-浴室免鑽-三角置物架', '42'),
('62', 'Aesop_新竹店', '藝珂化妝品批發商', '2024/03/08 11:50:31', 'Aesop 苦橙甦活身體凝膠 150ml', '51'),
('63', 'Baccarat_台北敦化館', '千金供應商', '2024/03/08 13:40:08', 'Baccarat 燭杯', '84'),
('64', 'AIGLE_天母店', '千金供應商', '2024/03/08 14:56:53', 'ALBION 水吻綻動潤唇膏 3.2g', '97'),
('65', 'Baccarat_台北敦化館', '華川家飾進出口商', '2024/03/08 15:27:20', 'Baccarat 長方形花瓶', '84'),
('66', 'AMEN_台北敦化館', '飛魚生活百貨', '2024/03/08 17:19:13', 'AMEN 帆布托特包 ', '39'),
('67', 'agnès b._天母店', '龍門科技電子公司', '2024/03/08 18:53:49', 'agnes Voyage 經典包款', '47'),
('68', 'AiLi_新竹店', '明德商行', '2024/03/08 20:52:38', 'AiLi 夢特嬌-24吋 四輪行李箱', '27'),
('69', 'AiLi_新竹店', '魅力時尚精品公司', '2024/03/09 11:30:49', 'AiLi Echolac-24吋四輪行李箱', '94'),
('70', 'Amina Rubinacci_台北敦化館', '良友供應商', '2024/03/09 12:40:05', 'Amina 金銅棕防潑水尼龍後背包', '87'),
('71', 'Berndes_中壢店', '鑫源貿易', '2024/03/09 14:10:55', 'Berndes ALU INDUCTION B.NATURE 陶瓷不沾鍋平底鍋20cm', '22'),
('72', 'Baccarat_天母店', '典雅家飾進出口商', '2024/03/09 15:29:45', 'Baccarat 燭杯', '32'),
('73', 'agete_台北忠孝館', '華美飾品有限公司', '2024/03/09 16:21:44', 'agete 10K密釘鑲鑽石戒指', '53'),
('74', '10 mois_台北忠孝館', '典雅家飾進出口商', '2024/03/09 17:21:31', '10 mois 十字星彩三層紗沐浴紗布巾手帕組 天空藍', '15'),
('75', 'adidas_天母店', '華麗時尚鞋包企業', '2024/03/09 18:42:51', 'adidas 男款ULTRABOOST LIGHT 跑鞋', '1'),
('76', 'beard papa_中壢店', '聯華供應商', '2024/03/09 20:29:10', 'Beard papa 日式泡芙(草莓)6入組', '60'),
('77', '3M_新竹店', '美之源美妝用品批發商', '2024/03/10 11:00:08', '3M Nexcare 7660C 醫用口罩-50片盒裝*2入(台灣製)', '40'),
('78', 'AiLi_中壢店', '歐洲時尚鞋包公司', '2024/03/10 11:35:43', 'AiLi 夢特嬌-24吋 四輪行李箱', '9'),
('79', 'BAO BAO ISSEY MIYAKE_台北復興館', '華美飾品有限公司', '2024/03/10 12:47:36', 'BAOBAO 皮質籃簍幾何方格手提包', '88'),
('80', 'BALMUDA_台北復興館', '達鴻國際貿易公司', '2024/03/10 13:53:52', 'BALMUDA  The Gohan K03A 電鍋', '36'),
('81', 'BEST HOME COLLECTION_台北忠孝館', '飛魚生活百貨', '2024/03/10 15:03:16', 'BEST HOME COLLECTION 浴帽', '27'),
('82', '台隆手創館_廣三門市', '美之源美妝用品批發商', '2024/03/10 16:17:09', '巧麗腮紅組 Powder Cheeks', '4'),
('83', 'beard papa_天母店', '欣欣生活百貨', '2024/03/10 18:16:35', 'Beard papa 日式泡芙(草莓)1入', '28'),
('84', 'Airfree_高雄店', '盛世科技電子公司', '2024/03/10 20:13:54', 'Airfree 葡萄牙AirFree空氣殺菌機Iris150', '69'),
('85', 'Baccarat_天母店', '雅趣家具進出口商', '2024/03/10 20:44:43', 'Baccarat 燭杯', '76'),
('86', 'B&W_台北忠孝館', '鑫源貿易', '2024/03/10 21:24:48', 'Bowers & Wilkins 第五代 Zeppelin Wireless', '12'),
('87', 'Aesop_新竹店', '聯華供應商', '2024/03/11 12:08:26', 'Aesop 二重奏潔面露 100ml', '76'),
('88', 'agapebaby_高雄店', '良友供應商', '2024/03/11 14:02:57', 'agapebaby Osann Swift360 Pro汽座-曜石黑', '44'),
('89', 'bgreen_高雄店', '昇隆家飾有限公司', '2024/03/11 14:55:46', 'bgreen 運動家具 沐意森活 悠活凳WS1', '43'),
('90', 'B&W_台北復興館', '鴻安家飾進出口商', '2024/03/11 16:32:03', 'B&W Bowers & Wilkins Formation Duo 立體聲無線藍牙書架式喇叭', '57'),
('91', 'Airfree_天母店', '典雅家飾進出口商', '2024/03/11 17:19:20', 'Airfree 葡萄牙AirFree空氣殺菌機Fit40', '22'),
('92', 'AiLi_中壢店', '全盛家飾有限公司', '2024/03/11 18:32:55', 'AiLi 夢特嬌-24吋 四輪行李箱', '70'),
('93', 'ANPANMAN SHOWCASE_新竹店', '富美飾品批發商', '2024/03/11 19:57:24', 'Anpanman 麵包超人全明星玻璃杯 5入禮盒組', '76'),
('94', 'ALLSAINTS_新竹店', '群創供應商', '2024/03/11 21:17:06', 'AllSaints SIDNEY 皮革拼接外套', '36'),
('95', 'B&W_台北復興館', '巨豪供應商', '2024/03/12 11:05:32', 'Bowers & Wilkins 第五代 Zeppelin Wireless', '68'),
('96', 'agete_台北忠孝館', '寶石珠寶進出口商', '2024/03/12 11:49:04', 'agete 10K鑽石尾戒', '15'),
('97', 'aldomartins_台北敦化館', '榮創供應商', '2024/03/12 13:41:07', 'aldomartins 梅芙皺褶格子連衣裙', '12'),
('98', 'Berkemann_台北復興館', '千金供應商', '2024/03/12 15:08:50', 'Berkemann可置換鞋墊健康拖鞋(藍色)', '59'),
('99', '111SKIN_台北復興館', '欣欣生活百貨', '2024/03/12 16:34:57', '111SKIN 超導水潤撫紋唇霜', '64'),
('100', '0918_新竹店', '華美飾品有限公司', '2024/03/12 17:34:19', '0918 水彩玫瑰印花鬆緊腰蛋糕短褲裙', '99'),
('101', 'BAO BAO ISSEY MIYAKE_台北復興館', '雋煌時尚配飾公司', '2024/03/12 19:10:51', 'BAOBAO 皮質籃簍幾何方格手提包', '95'),
('102', 'Been Teen_台北忠孝館', '群創供應商', '2024/03/12 19:46:29', 'Been Teen 校園運動系列 M-3L套穿式背心(動力灰)', '84'),
('103', '10Days睡眠科技_台北忠孝館', '聯華供應商', '2024/03/12 21:13:20', '10Days 恬褋仕 柔眠枕(晨曦白)10cm', '27'),
('104', 'agnès b._天母店', '雋煌時尚配飾公司', '2024/03/13 11:05:17', 'agnes 皮革包', '23'),
('105', '10/10 HOPE_台北復興館', '富美飾品批發商', '2024/03/13 12:41:19', '10/10 HOPE NEOM靜心舒眠香氛蠟燭', '79'),
('106', 'beard papa_中壢店', '鑫源貿易', '2024/03/13 14:08:18', 'Beard papa 日式泡芙(香草)6入組', '17'),
('107', 'Baccarat_台北敦化館', '魅力時尚精品公司', '2024/03/13 15:28:48', 'Baccarat 燭杯', '44'),
('108', 'adidas_高雄店', '良友供應商', '2024/03/13 16:14:26', 'adidas 女款運動短褲', '15'),
('109', 'B&W_台北復興館', '順盛國際貿易公司', '2024/03/13 17:21:47', 'B&W Bowers & Wilkins Formation Duo 立體聲無線藍牙書架式喇叭', '58'),
('110', '10/10 HOPE_新竹店', '雋煌時尚配飾公司', '2024/03/13 18:47:32', '10/10 HOPE bamford香氛室內擴香 250ml', '47'),
('111', 'B&W_台北忠孝館', '榮創供應商', '2024/03/13 19:50:06', 'B&W Bowers & Wilkins Formation Duo 立體聲無線藍牙書架式喇叭', '98'),
('112', 'Amina Rubinacci_台北敦化館', '芳香美妝用品批發商', '2024/03/13 20:48:42', 'Amina 金銅棕防潑水尼龍後背包', '42'),
('113', '10/10 HOPE_台北復興館', '芳香美妝用品批發商', '2024/03/13 21:49:28', '10/10 HOPE Christophe Robin蘆薈保濕修護洗髮露', '20'),
('114', 'aimerfeel_台北忠孝館', '千金供應商', '2024/03/14 12:09:26', 'aimerfeel 百合刺繡蕾絲三角內褲', '71'),
('115', 'agnès b._中壢店', '千金供應商', '2024/03/14 13:17:50', 'agnes 橢圓標小圓釘尼龍肩背包', '19'),
('116', 'Berkemann_台北復興館', '歐洲時尚鞋包公司', '2024/03/14 14:59:37', 'Berkemann可置換鞋墊健康拖鞋(白色)', '5'),
('117', 'beard papa_台北復興館', '巨豪供應商', '2024/03/14 16:56:31', 'Beard papa 日式泡芙(草莓)6入組', '10'),
('118', 'airweave_台北忠孝館', '精品家具供應商', '2024/03/14 18:53:31', 'airweave 標準枕 可調整高度', '17'),
('119', 'adidas kids_新竹店', '南亞供應商', '2024/03/14 19:58:20', 'adidas Sportswear Tensaur Sport 2.0', '16'),
('120', 'adabat_台北忠孝館', '魅力時尚精品公司', '2024/03/14 21:20:59', 'Adabat 線條設計毛衣 (海軍藍 (093))', '71'),
('121', 'Baccarat_台北忠孝館', '創新家飾進出口商', '2024/03/14 21:57:57', 'Baccarat 長方形花瓶', '82'),
('122', 'adidas_天母店', '映美食品加工廠', '2024/03/15 12:19:32', 'adidas 女款運動短褲', '13'),
('123', 'ALBION_台北忠孝館', '碧碧珠寶批發商', '2024/03/15 12:50:36', 'ALBION 黃金全效修護精華油', '43'),
('124', '10/10 HOPE_台北復興館', '魅力時尚精品公司', '2024/03/15 14:15:17', '10/10 HOPE NEOM 幸福愉悅香氛蠟燭', '77'),
('125', '10/10 HOPE_台北復興館', '順豐供應商', '2024/03/15 14:49:49', '10/10 HOPE NEOM靜心舒眠香氛蠟燭', '20'),
('126', 'ANYSIS_台北忠孝館', '源發貿易供應商', '2024/03/15 15:42:12', 'anysis A字傘狀裙(土黃)', '70'),
('127', '3M_新竹店', '芳香美妝用品批發商', '2024/03/15 16:20:45', '3M Nexcare 7660C 醫用口罩-50片盒裝*2入(台灣製)', '39'),
('128', 'Baker Street貝克街_台北忠孝館', '順盛國際貿易公司', '2024/03/15 18:02:22', 'Baker Street 短袖T恤', '41'),
('129', '台隆手創館_廣三門市', '尚品美容器材批發商', '2024/03/15 18:46:01', '珠光修容霜 PEARL GLOW HIGHLIGHT', '72'),
('130', 'BALENCIAGA_台北復興館', '歐洲時尚鞋包公司', '2024/03/15 20:41:24', 'BALENCIAGA 巴黎世家GIANT12 Work機車包', '93'),
('131', 'ACCA KAPPA_台北忠孝館', '魅力時尚精品公司', '2024/03/16 11:29:33', 'ACCA KAPPA 托斯卡尼護手霜香皂禮盒', '90'),
('132', 'Beauty Gallery_台北復興館', '芳香美妝用品批發商', '2024/03/16 12:14:58', 'beauty gallery BVLGARI寶格麗玫瑰金漾女性淡香精', '52'),
('133', 'AMEN_台北敦化館', '華美飾品有限公司', '2024/03/16 13:49:34', 'AMEN 帆布托特包 ', '11'),
('134', 'B&W_台北復興館', '奇新科技', '2024/03/16 14:36:08', 'B&W Bowers & Wilkins Formation Duo 立體聲無線藍牙書架式喇叭', '21'),
('135', 'adidas kids_台北忠孝館', '南亞供應商', '2024/03/16 16:13:24', 'adidas RAPIDAZEN SLIP-O 運動鞋', '2'),
('136', '111SKIN_台北復興館', '美之源美妝用品批發商', '2024/03/16 16:51:07', '111SKIN 天使聚光奇蹟敷膜75ml', '42'),
('137', '10 mois_台北忠孝館', '源發貿易供應商', '2024/03/16 17:29:19', '10 mois PATTO SATTO HADAGI 秒脫連身包屁衣 綠 60-70cm', '24'),
('138', '10/10 HOPE_台北復興館', '順豐供應商', '2024/03/16 18:33:34', '10/10 HOPE bamford紅霞香氛蠟燭', '79'),
('139', 'agapebaby_高雄店', '源發貿易供應商', '2024/03/16 20:16:30', 'agapebaby moji-YIPPY COZY全成長型原木高腳椅', '60'),
('140', 'BALENCIAGA_台北復興館', '雅緻時尚鞋包公司', '2024/03/16 20:51:30', 'BALENCIAGA Speed Trainer 黑白經典襪套', '93'),
('141', 'agnes b._新竹店', '美國時尚精品批發商', '2024/03/17 11:13:09', 'agnes 皮革包', '60'),
('142', 'Baccarat_台北忠孝館', '雅品家居有限公司', '2024/03/17 13:08:12', 'Baccarat 長方形花瓶', '3'),
('143', 'beard papa_台北復興館', '華夏食品進出口商', '2024/03/17 14:53:05', 'Beard papa 日式泡芙(香草)6入組', '91'),
('144', 'adidas_高雄店', '歐洲時尚鞋包公司', '2024/03/17 15:26:54', 'adidas 男款ULTRABOOST LIGHT 跑鞋', '62'),
('145', 'Aesop_天母店', '巨豪供應商', '2024/03/17 16:00:01', 'Aesop 苦橙甦活身體凝膠 150ml', '16'),
('146', 'B&W_台北忠孝館', '千金供應商', '2024/03/17 16:33:17', 'B&W Bowers & Wilkins Formation Duo 立體聲無線藍牙書架式喇叭', '49'),
('147', 'Berndes_台北忠孝館', '榮創供應商', '2024/03/17 17:49:18', 'Berndes 極炫中式單柄深炒鍋含蓋32cm', '53'),
('148', 'betty''s_中壢店', '富美飾品批發商', '2024/03/17 19:32:38', 'betty''s 格子吊帶假兩件洋裝(淺綠)', '10'),
('149', 'agnès b._天母店', '華泰時尚鞋包公司', '2024/03/17 21:13:16', 'agnes 皮革包', '74'),
('150', 'adidas_中壢店', '良友供應商', '2024/03/18 12:04:50', 'adidas 女款ULTRABOOST LIGHT 跑鞋', '54'),
('151', '0918_天母店', '悅巧精品公司', '2024/03/18 12:36:24', '0918 法式復古小香風海棉質感髮箍', '68'),
('152', 'agete_台北忠孝館', '雋煌時尚配飾公司', '2024/03/18 13:20:02', 'agete 10K珍珠耳墜', '66'),
('153', 'AMEN_台北敦化館', '義隆供應商', '2024/03/18 14:41:26', 'AMEN 連帽外套 ', '93'),
('154', 'B&W_台北復興館', '順盛國際貿易公司', '2024/03/18 16:25:11', 'B&W Bowers & Wilkins Formation Duo 立體聲無線藍牙書架式喇叭', '17'),
('155', 'Baccarat_台北敦化館', '華川家飾進出口商', '2024/03/18 17:45:30', 'Baccarat 長方形花瓶', '33'),
('156', 'Berndes_台北忠孝館', '榮創供應商', '2024/03/18 19:35:12', 'Berndes 極炫中式單柄深炒鍋含蓋32cm', '7'),
('157', 'beard papa_台北復興館', '巨豪供應商', '2024/03/18 20:42:15', 'Beard papa 日式泡芙(草莓)6入組', '50'),
('158', 'adabat_台北忠孝館', '魅力時尚精品公司', '2024/03/19 11:30:56', 'Adabat 線條設計毛衣 (海軍藍 (093))', '164'),
('159', 'beard papa_天母店', '欣欣生活百貨', '2024/03/19 12:49:17', 'Beard papa 日式泡芙(草莓)1入', '111'),
('160', '10/10 HOPE_台北復興館', '順豐供應商', '2024/03/19 13:58:56', '10/10 HOPE bamford紅霞香氛蠟燭', '112'),
('161', 'Baccarat_台北忠孝館', '雅品家居有限公司', '2024/03/19 14:55:09', 'Baccarat 長方形花瓶', '124'),
('162', 'Berndes_台北忠孝館', '榮創供應商', '2024/03/19 15:27:29', 'Berndes 極炫中式單柄深炒鍋含蓋32cm', '68'),
('163', 'AiLi_新竹店', '明德商行', '2024/03/19 16:38:35', 'AiLi 夢特嬌-24吋 四輪行李箱', '133'),
('164', 'Beauty Gallery_台北復興館', '芳香美妝用品批發商', '2024/03/19 18:32:21', 'beauty gallery BVLGARI寶格麗玫瑰金漾女性淡香精', '88'),
('165', 'ANYSIS_台北忠孝館', '源發貿易供應商', '2024/03/19 20:23:32', 'anysis A字傘狀裙(土黃)', '91'),
('166', 'ACCA KAPPA_台北忠孝館', '魅力時尚精品公司', '2024/03/20 11:03:02', 'ACCA KAPPA 托斯卡尼護手霜香皂禮盒', '101'),
('167', 'AMEN_台北敦化館', '聯華供應商', '2024/03/20 12:59:45', 'AMEN 帆布托特包 ', '154'),
('168', 'agapebaby_高雄店', '聯華供應商', '2024/03/20 14:28:42', 'agapebaby ABC Design OKINI auto', '51'),
('169', 'B&W_台北復興館', '奇新科技', '2024/03/20 15:35:58', 'B&W Bowers & Wilkins Formation Duo 立體聲無線藍牙書架式喇叭', '127'),
('170', 'agete_台北忠孝館', '寶石珠寶進出口商', '2024/03/20 17:19:52', 'agete 10K鑽石尾戒', '137'),
('171', 'adidas Originals_高雄店', '欣欣生活百貨', '2024/03/20 18:26:31', 'adidas Originals ADIFOM Q 經典鞋 白色', '175'),
('172', 'agapebaby_高雄店', '聯華供應商', '2024/03/20 20:07:37', 'agapebaby ABC Design OKINI auto', '186'),
('173', 'Berndes_中壢店', '鑫源貿易', '2024/03/20 20:46:41', 'Berndes ALU INDUCTION B.NATURE 陶瓷不沾鍋平底鍋20cm', '176'),
('174', '10 mois_台北忠孝館', '源發貿易供應商', '2024/03/21 11:15:30', '10 mois PATTO SATTO HADAGI 秒脫連身包屁衣 綠 60-70cm', '17'),
('175', 'APIVITA_台北復興館', '巨豪供應商', '2024/03/21 11:51:14', 'APIVITA 私密保養潔膚露', '32'),
('176', '1929家居生活館_高雄店', '精品家具供應商', '2024/03/21 12:39:05', '1929 比得兔丘頂之歌單人兩用被床包組(5件組)', '34'),
('177', '台隆手創館_廣三門市', '迪奧國際貿易公司', '2024/03/21 13:33:44', '腮紅霜 Cream cheek', '117'),
('178', '3M_新竹店', '舒爾特家居有限公司', '2024/03/21 14:29:57', '3M 無痕 極淨防水收納-浴室免鑽-三角置物架', '162'),
('179', '0918_中壢店', '藝華精品進出口商', '2024/03/21 16:10:29', '0918 復古玫瑰印花壓摺荷葉裝飾鬆緊腰長裙', '153'),
('180', '台隆手創館_廣三門市', '迪奧國際貿易公司', '2024/03/21 17:30:28', '腮紅霜 Cream cheek', '97'),
('181', 'agnès b._天母店', '華泰時尚鞋包公司', '2024/03/21 19:15:22', 'agnes 皮革包', '171'),
('182', 'agnès b._中壢店', '千金供應商', '2024/03/21 21:12:12', 'agnes 橢圓標小圓釘尼龍肩背包', '29'),
('183', 'AMEN_台北敦化館', '聯華供應商', '2024/03/21 21:53:55', 'AMEN 帆布托特包 ', '19'),
('184', 'AMEN_台北敦化館', '聯華供應商', '2024/03/22 12:22:15', 'AMEN 帆布托特包 ', '47'),
('185', 'adidas_高雄店', '歐洲時尚鞋包公司', '2024/03/22 14:00:08', 'adidas 男款ULTRABOOST LIGHT 跑鞋', '146'),
('186', 'BBL Premium_天母店', '千金供應商', '2024/03/22 15:09:18', 'BBL Premium 100%棉刺繡枕巾', '93'),
('187', 'agapebaby_高雄店', '聯華供應商', '2024/03/22 16:48:00', 'agapebaby ABC Design OKINI auto', '69'),
('188', 'BALENCIAGA_台北復興館', '歐洲時尚鞋包公司', '2024/03/22 18:09:53', 'BALENCIAGA 巴黎世家GIANT12 Work機車包', '130'),
('189', 'BAO BAO ISSEY MIYAKE_台北復興館', '華美飾品有限公司', '2024/03/22 18:42:13', 'BAOBAO 皮質籃簍幾何方格手提包', '111'),
('190', 'agnes b._新竹店', '順豐供應商', '2024/03/22 19:39:42', 'agnes 皮革包', '111'),
('191', '10/10 HOPE_台北復興館', '芳香美妝用品批發商', '2024/03/22 20:20:45', '10/10 HOPE Christophe Robin蘆薈保濕修護洗髮露', '149'),
('192', 'adidas_台北復興館', '藝華精品進出口商', '2024/03/22 20:53:27', 'adidas 女款ULTRABOOST LIGHT 跑鞋', '33'),
('193', 'B&W_台北復興館', '奇新科技', '2024/03/22 21:40:09', 'B&W Bowers & Wilkins Formation Duo 立體聲無線藍牙書架式喇叭', '199'),
('194', 'adidas kids_新竹店', '南亞供應商', '2024/03/23 12:33:38', 'adidas Sportswear Tensaur Sport 2.0', '83'),
('195', 'Amina Rubinacci_台北敦化館', '良友供應商', '2024/03/23 13:51:04', 'Amina 金銅棕防潑水尼龍後背包', '140'),
('196', 'AMEN_台北敦化館', '義隆供應商', '2024/03/23 15:38:58', 'AMEN 連帽外套 ', '199'),
('197', 'Berndes_中壢店', '鑫源貿易', '2024/03/23 16:15:53', 'Berndes 極炫中式單柄深炒鍋含蓋32cm', '157'),
('198', 'AiLi_新竹店', '魅力時尚精品公司', '2024/03/23 17:01:24', 'AiLi Echolac-24吋四輪行李箱', '125'),
('199', '23區_新竹店', '美心精品進出口商', '2024/03/23 18:09:12', '23區 Typewriter高級混棉無袖襯衫', '98'),
('200', 'adidas_天母店', '映美食品加工廠', '2024/03/23 18:46:46', 'adidas 女款運動短褲', '89'),
('201', '康是美_廣三門市', '良友供應商', '2024/03/23 20:32:03', '美人魚霓采打亮修容餅 glow like a mermaid highlighter', '41'),
('202', 'adidas kids_新竹店', '龍門科技電子公司', '2024/03/23 21:53:49', 'adidas  ALTAVENTURE 包頭涼鞋', '117'),
('203', 'Beauty Gallery_台北復興館', '芳香美妝用品批發商', '2024/03/24 12:38:57', 'beauty gallery BVLGARI寶格麗玫瑰金漾女性淡香精', '113'),
('204', 'adidas_高雄店', '良友供應商', '2024/03/24 14:31:45', 'adidas 女款運動短褲', '85'),
('205', 'a la sha_台北復興館', '順豐供應商', '2024/03/24 16:18:34', 'a la sha 斜紋九分合身褲', '89'),
('206', 'Baker Street貝克街_台北忠孝館', '順盛國際貿易公司', '2024/03/24 17:22:53', 'Baker Street 短袖T恤', '117'),
('207', 'BBL Premium_新竹店', '鑫欣供應商', '2024/03/24 18:06:50', 'BBL Premium 布萊克雙面床墊', '149'),
('208', 'BBL Premium_天母店', '千金供應商', '2024/03/24 18:38:05', 'BBL Premium 100%棉刺繡枕巾', '70'),
('209', 'AiLi_新竹店', '魅力時尚精品公司', '2024/03/24 19:23:56', 'AiLi Echolac-24吋四輪行李箱', '55'),
('210', '10/10 HOPE_台北復興館', '順豐供應商', '2024/03/24 20:21:09', '10/10 HOPE NEOM靜心舒眠香氛蠟燭', '170'),
('211', 'Baccarat_台北敦化館', '美心精品進出口商', '2024/03/25 11:09:23', 'Baccarat 長方形花瓶', '37'),
('212', '45rpm_台北忠孝館', '美國時尚精品批發商', '2024/03/25 12:00:00', '45rpm 印度麻馬德拉斯 908連帽衫', '45'),
('213', 'AIGLE_天母店', '千金供應商', '2024/03/25 12:37:31', 'ALBION 水吻綻動潤唇膏 3.2g', '188'),
('214', 'agnes b._新竹店', '順豐供應商', '2024/03/25 13:17:22', 'agnes 皮革包', '164'),
('215', 'agnès b._天母店', '雋煌時尚配飾公司', '2024/03/25 15:01:51', 'agnes 皮革包', '11'),
('216', 'agnès b._中壢店', '千金供應商', '2024/03/25 16:01:26', 'agnes 橢圓標小圓釘尼龍肩背包', '62'),
('217', 'betty''s_中壢店', '富美飾品批發商', '2024/03/25 16:50:40', 'betty''s 格子吊帶假兩件洋裝(淺綠)', '10'),
('218', 'beard papa_台北復興館', '華夏食品進出口商', '2024/03/25 18:48:49', 'Beard papa 日式泡芙(草莓)6入組', '49'),
('219', 'BBL Premium_天母店', '美之源美妝用品批發商', '2024/03/25 19:23:16', 'BBL Premium 100%棉刺繡枕巾', '59'),
('220', 'B&W_台北復興館', '順盛國際貿易公司', '2024/03/25 19:53:54', 'B&W Bowers & Wilkins Formation Duo 立體聲無線藍牙書架式喇叭', '29'),
('221', 'AiLi_新竹店', '聯華供應商', '2024/03/25 21:15:34', 'AiLi Echolac-24吋四輪行李箱', '89'),
('222', 'beard papa_天母店', '欣欣生活百貨', '2024/03/26 11:16:29', 'Beard papa 日式泡芙(草莓)1入', '68'),
('223', 'AiLi_新竹店', '聯華供應商', '2024/03/26 12:13:34', 'AiLi Echolac-24吋四輪行李箱', '33'),
('224', 'adidas_中壢店', '良友供應商', '2024/03/26 13:24:42', 'adidas 女款ULTRABOOST LIGHT 跑鞋', '160'),
('225', 'adidas_天母店', '南亞供應商', '2024/03/26 14:10:42', 'adidas 男款ULTRABOOST LIGHT 跑鞋', '167'),
('226', 'B&W_台北忠孝館', '榮創供應商', '2024/03/26 15:06:54', 'B&W Bowers & Wilkins Formation Duo 立體聲無線藍牙書架式喇叭', '3'),
('227', 'AiLi_新竹店', '明德商行', '2024/03/26 15:54:05', 'AiLi 夢特嬌-24吋 四輪行李箱', '172'),
('228', 'AMEN_台北敦化館', '順盛國際貿易公司', '2024/03/26 16:25:05', 'AMEN 連帽外套 ', '76'),
('229', 'agapebaby_高雄店', '良友供應商', '2024/03/26 18:16:38', 'agapebaby Osann Swift360 Pro汽座-曜石黑', '196'),
('230', 'Berkemann_台北復興館', '歐洲時尚鞋包公司', '2024/03/26 19:12:25', 'Berkemann可置換鞋墊健康拖鞋(白色)', '23'),
('231', 'AMEN_台北敦化館', '華美飾品有限公司', '2024/03/26 20:29:28', 'AMEN 帆布托特包 ', '116'),
('232', 'BBL Premium_天母店', '美之源美妝用品批發商', '2024/03/26 21:51:37', 'BBL Premium 100%棉刺繡枕巾', '94'),
('233', 'beard papa_台北復興館', '華夏食品進出口商', '2024/03/27 11:24:29', 'Beard papa 日式泡芙(草莓)6入組', '2'),
('234', 'agnes b._新竹店', '美國時尚精品批發商', '2024/03/27 13:03:39', 'agnes 皮革包', '154'),
('235', 'beard papa_天母店', '宏碁供應商', '2024/03/27 13:58:49', 'Beard papa 日式泡芙(香草)6入組', '28'),
('236', 'BBL Premium_天母店', '瑰麗家具供應商', '2024/03/27 15:27:11', 'BBL Premium 布萊克雙面床墊', '123'),
('237', '10/10 HOPE_新竹店', '藝華精品進出口商', '2024/03/27 16:02:05', '10/10 HOPE bamford紅霞香氛蠟燭', '138'),
('238', 'adidas kids_天母店', '鑫欣供應商', '2024/03/27 16:32:56', 'adidas  ALTAVENTURE 包頭涼鞋', '171'),
('239', 'BAO BAO ISSEY MIYAKE_台北復興館', '華美飾品有限公司', '2024/03/27 18:03:44', 'BAOBAO 皮質籃簍幾何方格手提包', '156'),
('240', 'BAO BAO ISSEY MIYAKE_台北復興館', '華美飾品有限公司', '2024/03/27 19:13:48', 'BAOBAO 皮質籃簍幾何方格手提包', '68'),
('241', 'ANPANMAN SHOWCASE_新竹店', '富美飾品批發商', '2024/03/27 20:10:31', 'Anpanman 麵包超人全明星玻璃杯 5入禮盒組', '177'),
('242', 'Amina Rubinacci_台北敦化館', '芳香美妝用品批發商', '2024/03/27 21:54:26', 'Amina 金銅棕防潑水尼龍後背包', '110'),
('243', 'BAO BAO ISSEY MIYAKE_台北復興館', '雋煌時尚配飾公司', '2024/03/28 12:09:42', 'BAOBAO 皮質籃簍幾何方格手提包', '111'),
('244', 'adidas Originals_天母店', '歐洲時尚鞋包公司', '2024/03/28 13:49:36', 'adidas Originals CAMPUS 00S 經典鞋 紅色', '61'),
('245', '45rpm_台北忠孝館', '美國時尚精品批發商', '2024/03/28 15:23:14', '45rpm 印度麻馬德拉斯 908連帽衫', '126'),
('246', '10/10 HOPE_台北復興館', '魅力時尚精品公司', '2024/03/28 17:06:24', '10/10 HOPE NEOM 幸福愉悅香氛蠟燭', '137'),
('247', '1929家居生活館_高雄店', '精品家具供應商', '2024/03/28 18:34:26', '1929 比得兔丘頂之歌單人兩用被床包組(5件組)', '57'),
('248', '10/10 HOPE_台北復興館', '順豐供應商', '2024/03/28 20:32:33', '10/10 HOPE bamford紅霞香氛蠟燭', '169'),
('249', 'AMEN_台北敦化館', '義隆供應商', '2024/03/29 11:00:18', 'AMEN 連帽外套 ', '148'),
('250', 'AiLi_新竹店', '魅力時尚精品公司', '2024/03/29 12:53:13', 'AiLi Echolac-24吋四輪行李箱', '168'),
('251', 'beard papa_中壢店', '鑫源貿易', '2024/03/29 13:38:34', 'Beard papa 日式泡芙(香草)6入組', '72'),
('252', '111SKIN_台北復興館', '藝珂化妝品批發商', '2024/03/29 14:55:16', '111SKIN 緊緻賦活藍眼膜', '116'),
('253', 'agete_台北忠孝館', '寶石珠寶進出口商', '2024/03/29 16:37:19', 'agete 10K鑽石尾戒', '66'),
('254', '10/10 HOPE_台北復興館', '富美飾品批發商', '2024/03/29 18:20:29', '10/10 HOPE NEOM靜心舒眠香氛蠟燭', '196'),
('255', 'bgreen_高雄店', '昇隆家飾有限公司', '2024/03/29 19:46:15', 'bgreen 運動家具 沐意森活 悠活凳WS1', '55'),
('256', 'agete_台北忠孝館', '雋煌時尚配飾公司', '2024/03/29 21:30:20', 'agete 10K珍珠耳墜', '84'),
('257', 'AMEN_台北敦化館', '聯華供應商', '2024/03/30 12:12:41', 'AMEN 帆布托特包 ', '15'),
('258', 'agete_台北忠孝館', '華美飾品有限公司', '2024/03/30 13:06:35', 'agete 10K密釘鑲鑽石戒指', '16'),
('259', 'BALMUDA_台北復興館', '達鴻國際貿易公司', '2024/03/30 13:55:45', 'BALMUDA  The Gohan K03A 電鍋', '172'),
('260', 'AMEN_台北敦化館', '義隆供應商', '2024/03/30 15:02:24', 'AMEN 連帽外套 ', '96'),
('261', 'adidas_天母店', '南亞供應商', '2024/03/30 15:58:41', 'adidas 男款ULTRABOOST LIGHT 跑鞋', '57'),
('262', 'AiLi_新竹店', '聯華供應商', '2024/03/30 16:43:32', 'AiLi Echolac-24吋四輪行李箱', '169'),
('263', '3M_新竹店', '舒爾特家居有限公司', '2024/03/30 18:14:54', '3M 無痕 極淨防水收納-浴室免鑽-三角置物架', '22'),
('264', 'APANAGE_台北敦化館', '美國時尚精品批發商', '2024/03/30 19:54:57', 'apanage 花朵有領背心', '90'),
('265', '10/10 HOPE_新竹店', '雋煌時尚配飾公司', '2024/03/30 21:43:23', '10/10 HOPE bamford香氛室內擴香 250ml', '38'),
('266', 'Berndes_中壢店', '鑫源貿易', '2024/03/31 12:04:19', 'Berndes 極炫中式單柄深炒鍋含蓋32cm', '166'),
('267', 'beard papa_台北復興館', '華夏食品進出口商', '2024/03/31 12:57:00', 'Beard papa 日式泡芙(香草)6入組', '55'),
('268', 'BEST HOME COLLECTION_台北忠孝館', '飛魚生活百貨', '2024/03/31 14:44:29', 'BEST HOME COLLECTION 浴帽', '23'),
('269', 'B&W_台北復興館', '巨豪供應商', '2024/03/31 15:53:37', 'Bowers & Wilkins 第五代 Zeppelin Wireless', '64'),
('270', '台隆手創館_廣三門市', '美之源美妝用品批發商', '2024/03/31 16:39:04', '巧麗腮紅組 Powder Cheeks', '89'),
('271', '3M_新竹店', '舒爾特家居有限公司', '2024/03/31 18:09:40', '3M 無痕 極淨防水收納-浴室免鑽-三角置物架', '201'),
('272', 'adidas_台北復興館', '藝華精品進出口商', '2024/03/31 19:23:00', 'adidas 女款ULTRABOOST LIGHT 跑鞋', '17'),
('273', 'Baker Street貝克街_台北忠孝館', '順盛國際貿易公司', '2024/03/31 20:44:01', 'Baker Street 短袖T恤', '177'),
('274', 'B&W_台北忠孝館', '千金供應商', '2024/03/31 21:45:59', 'B&W Bowers & Wilkins Formation Duo 立體聲無線藍牙書架式喇叭', '176'),
('275', 'agapebaby_高雄店', '良友供應商', '2024/04/01 11:41:13', 'agapebaby Osann Swift360 Pro汽座-曜石黑', '29'),
('276', '3M_新竹店', '藝華精品進出口商', '2024/04/01 13:10:11', '3M 無痕 極淨防水收納-浴室免鑽-三角置物架', '55'),
('277', 'adidas_中壢店', '良友供應商', '2024/04/01 14:35:42', 'adidas 女款ULTRABOOST LIGHT 跑鞋', '133'),
('278', 'beard papa_台北復興館', '巨豪供應商', '2024/04/01 16:20:30', 'Beard papa 日式泡芙(草莓)6入組', '152'),
('279', 'a la sha_台北復興館', '順豐供應商', '2024/04/01 17:01:05', 'a la sha 斜紋九分合身褲', '184'),
('280', 'Baccarat_台北敦化館', '美心精品進出口商', '2024/04/01 17:38:33', 'Baccarat 長方形花瓶', '123'),
('281', 'adidas_高雄店', '良友供應商', '2024/04/01 19:11:21', 'adidas 女款運動短褲', '137'),
('282', 'APANAGE_台北敦化館', '美國時尚精品批發商', '2024/04/01 19:46:27', 'apanage 花朵有領背心', '83'),
('283', '10/10 HOPE_台北復興館', '富美飾品批發商', '2024/04/01 21:09:40', '10/10 HOPE NEOM靜心舒眠香氛蠟燭', '128'),
('284', 'adidas kids_新竹店', '良友供應商', '2024/04/02 11:16:26', 'adidas Sportswear Tensaur Sport 2.0', '3'),
('285', '45rpm_台北忠孝館', '美國時尚精品批發商', '2024/04/02 12:50:48', '45rpm 印度麻馬德拉斯 908連帽衫', '24'),
('286', 'adidas kids_新竹店', '良友供應商', '2024/04/02 13:33:26', 'adidas Sportswear Tensaur Sport 2.0', '16'),
('287', 'AiLi_中壢店', '全盛家飾有限公司', '2024/04/02 14:48:36', 'AiLi 夢特嬌-24吋 四輪行李箱', '163'),
('288', '10 mois_台北忠孝館', '典雅家飾進出口商', '2024/04/02 16:44:38', '10 mois 十字星彩三層紗沐浴紗布巾手帕組 天空藍', '4'),
('289', 'adidas_中壢店', '良友供應商', '2024/04/02 17:49:49', 'adidas 女款ULTRABOOST LIGHT 跑鞋', '104'),
('290', 'beard papa_台北復興館', '華夏食品進出口商', '2024/04/02 19:03:23', 'Beard papa 日式泡芙(香草)6入組', '173'),
('291', 'agapebaby_高雄店', '良友供應商', '2024/04/02 20:06:27', 'agapebaby Osann Swift360 Pro汽座-曜石黑', '20'),
('292', '23區_台北忠孝館', '達鴻國際貿易公司', '2024/04/02 20:45:36', '23區 ALBINI純棉基本款上衣', '139'),
('293', 'adidas_天母店', '南亞供應商', '2024/04/02 21:42:47', 'adidas 男款ULTRABOOST LIGHT 跑鞋', '153'),
('294', '10/10 HOPE_新竹店', '雋煌時尚配飾公司', '2024/04/03 12:07:15', '10/10 HOPE bamford香氛室內擴香 250ml', '117'),
('295', '10/10 HOPE_台北復興館', '順豐供應商', '2024/04/03 12:43:53', '10/10 HOPE bamford紅霞香氛蠟燭', '132'),
('296', 'AMEN_台北敦化館', '飛魚生活百貨', '2024/04/03 13:40:37', 'AMEN 帆布托特包 ', '192'),
('297', 'adidas kids_新竹店', '盛世科技電子公司', '2024/04/03 14:31:27', 'adidas RAPIDAZEN SLIP-O 運動鞋', '48'),
('298', 'Berndes_中壢店', '鑫源貿易', '2024/04/03 16:15:22', 'Berndes ALU INDUCTION B.NATURE 陶瓷不沾鍋平底鍋20cm', '130'),
('299', '0918_天母店', '悅巧精品公司', '2024/04/03 17:25:56', '0918 法式復古小香風海棉質感髮箍', '143'),
('300', 'APANAGE_台北敦化館', '美國時尚精品批發商', '2024/04/03 18:43:58', 'apanage 花朵有領背心', '196'),
('301', 'Aesop_新竹店', '藝珂化妝品批發商', '2024/04/03 20:21:21', 'Aesop 苦橙甦活身體凝膠 150ml', '67'),
('302', 'ANNE DE SOLENE 安妮莎琳_台北忠孝館', '鑫欣供應商', '2024/04/03 20:54:59', '安妮莎琳-長纖細棉印花床組', '68'),
('303', '3M_新竹店', '芳香美妝用品批發商', '2024/04/04 11:04:18', '3M Nexcare 7660C 醫用口罩-50片盒裝*2入(台灣製)', '53'),
('304', 'adidas kids_台北忠孝館', '南亞供應商', '2024/04/04 13:02:12', 'adidas RAPIDAZEN SLIP-O 運動鞋', '201'),
('305', 'Berndes_中壢店', '鑫源貿易', '2024/04/04 13:32:51', 'Berndes ALU INDUCTION B.NATURE 陶瓷不沾鍋平底鍋20cm', '176'),
('306', '10/10 HOPE_台北復興館', '芳香美妝用品批發商', '2024/04/04 14:45:39', '10/10 HOPE Christophe Robin蘆薈保濕修護洗髮露', '181'),
('307', 'Baccarat_台北敦化館', '華川家飾進出口商', '2024/04/04 15:44:00', 'Baccarat 長方形花瓶', '118'),
('308', 'Baccarat_天母店', '雅趣家具進出口商', '2024/04/04 17:25:27', 'Baccarat 燭杯', '130'),
('309', 'BBL Premium_新竹店', '鑫欣供應商', '2024/04/04 18:40:25', 'BBL Premium 布萊克雙面床墊', '3'),
('310', 'agnès b._天母店', '悅巧精品公司', '2024/04/04 19:34:35', 'agnes 橢圓標小圓釘尼龍肩背包', '150'),
('311', 'agnes b._新竹店', '美國時尚精品批發商', '2024/04/04 20:45:26', 'agnes 皮革包', '178'),
('312', 'agnes b._新竹店', '美國時尚精品批發商', '2024/04/05 11:20:21', 'agnes 皮革包', '153'),
('313', 'ACCA KAPPA_台北忠孝館', '魅力時尚精品公司', '2024/04/05 12:10:11', 'ACCA KAPPA 托斯卡尼護手霜香皂禮盒', '104'),
('314', '0918_天母店', '美心精品進出口商', '2024/04/05 14:09:13', '0918 復古玫瑰印花壓摺荷葉裝飾鬆緊腰長裙', '185'),
('315', 'bgreen_高雄店', '昇隆家飾有限公司', '2024/04/05 14:54:34', 'bgreen 運動家具 沐意森活 悠活凳WS1', '120'),
('316', 'agete_台北忠孝館', '華美飾品有限公司', '2024/04/05 15:27:49', 'agete 10K密釘鑲鑽石戒指', '120'),
('317', 'AiLi_新竹店', '華麗時尚鞋包企業', '2024/04/05 16:55:14', 'AiLi MONTAGUT 夢特嬌 後背包', '12'),
('318', '0918_天母店', '悅巧精品公司', '2024/04/05 17:26:54', '0918 法式復古小香風海棉質感髮箍', '9'),
('319', 'airweave_台北忠孝館', '聯華供應商', '2024/04/05 18:32:34', 'airweave 標準枕 可調整高度', '24'),
('320', 'B&W_台北忠孝館', '億昇音響供應商', '2024/04/05 20:32:26', 'B&W Bowers & Wilkins Formation Duo 立體聲無線藍牙書架式喇叭', '117'),
('321', 'beard papa_中壢店', '鑫源貿易', '2024/04/06 11:29:46', 'Beard papa 日式泡芙(香草)6入組', '156'),
('322', '0918_新竹店', '華美飾品有限公司', '2024/04/06 12:23:02', '0918 水彩玫瑰印花鬆緊腰蛋糕短褲裙', '57'),
('323', '3M_新竹店', '藝華精品進出口商', '2024/04/06 13:20:50', '3M 無痕 極淨防水收納-浴室免鑽-三角置物架', '166'),
('324', 'adidas_天母店', '映美食品加工廠', '2024/04/06 13:53:07', 'adidas 女款運動短褲', '45'),
('325', 'agapebaby_高雄店', '源發貿易供應商', '2024/04/06 15:26:46', 'agapebaby moji-YIPPY COZY全成長型原木高腳椅', '146'),
('326', '康是美_廣三門市', '良友供應商', '2024/04/06 17:12:50', '美人魚霓采打亮修容餅 glow like a mermaid highlighter', '91'),
('327', 'beard papa_台北復興館', '華夏食品進出口商', '2024/04/06 18:25:58', 'Beard papa 日式泡芙(草莓)6入組', '160'),
('328', 'Airfree_高雄店', '奇新科技', '2024/04/06 20:11:46', 'Airfree 葡萄牙AirFree空氣殺菌機E125', '128'),
('329', '3M_新竹店', '藝華精品進出口商', '2024/04/06 21:08:07', '3M 無痕 極淨防水收納-浴室免鑽-三角置物架', '15'),
('330', 'adidas kids_新竹店', '龍門科技電子公司', '2024/04/06 21:55:06', 'adidas  ALTAVENTURE 包頭涼鞋', '148'),
('331', 'AMEN_台北敦化館', '義隆供應商', '2024/04/07 11:25:23', 'AMEN 連帽外套 ', '66'),
('332', 'BALMUDA_台北復興館', '達鴻國際貿易公司', '2024/04/07 12:07:40', 'BALMUDA  The Gohan K03A 電鍋', '201'),
('333', 'Aesop_天母店', '巨豪供應商', '2024/04/07 14:05:15', 'Aesop 苦橙甦活身體凝膠 150ml', '151'),
('334', 'BALENCIAGA_台北復興館', '雅緻時尚鞋包公司', '2024/04/07 14:39:39', 'BALENCIAGA Speed Trainer 黑白經典襪套', '47'),
('335', '3M_新竹店', '藝華精品進出口商', '2024/04/07 15:31:51', '3M 無痕 極淨防水收納-浴室免鑽-三角置物架', '73'),
('336', 'agete_台北忠孝館', '寶石珠寶進出口商', '2024/04/07 16:25:33', 'agete 10K鑽石尾戒', '149'),
('337', 'aldomartins_台北敦化館', '榮創供應商', '2024/04/07 17:12:00', 'aldomartins 梅芙皺褶格子連衣裙', '168'),
('338', '10/10 HOPE_台北復興館', '魅力時尚精品公司', '2024/04/07 18:51:25', '10/10 HOPE NEOM 幸福愉悅香氛蠟燭', '131'),
('339', 'Berndes_中壢店', '鑫源貿易', '2024/04/07 20:32:50', 'Berndes ALU INDUCTION B.NATURE 陶瓷不沾鍋平底鍋20cm', '200'),
('340', '0918_台北忠孝館', '華美飾品有限公司', '2024/04/07 21:43:17', '0918 復古玫瑰印花壓摺荷葉裝飾鬆緊腰長裙', '75'),
('341', '0918_天母店', '悅巧精品公司', '2024/04/08 11:23:25', '0918 法式復古小香風海棉質感髮箍', '91'),
('342', 'AIGLE_天母店', '千金供應商', '2024/04/08 12:59:33', 'ALBION 水吻綻動潤唇膏 3.2g', '45'),
('343', '3M_新竹店', '芳香美妝用品批發商', '2024/04/08 14:59:25', '3M Nexcare 7660C 醫用口罩-50片盒裝*2入(台灣製)', '86'),
('344', 'AiLi_新竹店', '聯華供應商', '2024/04/08 15:53:31', 'AiLi Echolac-24吋四輪行李箱', '94'),
('345', '3M_新竹店', '美之源美妝用品批發商', '2024/04/08 17:39:09', '3M Nexcare 7660C 醫用口罩-50片盒裝*2入(台灣製)', '64'),
('346', '10/10 HOPE_台北復興館', '魅力時尚精品公司', '2024/04/08 19:34:34', '10/10 HOPE NEOM 幸福愉悅香氛蠟燭', '161'),
('347', 'beard papa_台北復興館', '華夏食品進出口商', '2024/04/08 20:58:12', 'Beard papa 日式泡芙(香草)6入組', '177'),
('348', 'Berkemann_台北復興館', '歐洲時尚鞋包公司', '2024/04/08 21:38:24', 'Berkemann可置換鞋墊健康拖鞋(白色)', '113'),
('349', 'B&W_台北復興館', '鴻安家飾進出口商', '2024/04/09 11:56:04', 'B&W Bowers & Wilkins Formation Duo 立體聲無線藍牙書架式喇叭', '10'),
('350', 'agnes b._新竹店', '美國時尚精品批發商', '2024/04/09 13:22:59', 'agnes 皮革包', '129'),
('351', '111SKIN_台北復興館', '美之源美妝用品批發商', '2024/04/09 14:28:36', '111SKIN 天使聚光奇蹟敷膜75ml', '80'),
('352', '10/10 HOPE_台北復興館', '順豐供應商', '2024/04/09 15:47:28', '10/10 HOPE NEOM靜心舒眠香氛蠟燭', '111'),
('353', 'ALBION_台北忠孝館', '碧碧珠寶批發商', '2024/04/09 16:29:03', 'ALBION 黃金全效修護精華油', '119'),
('354', 'B&W_台北忠孝館', '鑫源貿易', '2024/04/09 18:26:20', 'Bowers & Wilkins 第五代 Zeppelin Wireless', '39'),
('355', 'adidas_中壢店', '良友供應商', '2024/04/09 19:16:18', 'adidas 女款ULTRABOOST LIGHT 跑鞋', '193'),
('356', 'agnes b._新竹店', '順豐供應商', '2024/04/09 20:58:02', 'agnes 皮革包', '30'),
('357', 'adidas_中壢店', '飛魚生活百貨', '2024/04/10 11:52:47', 'adidas 女款ULTRABOOST LIGHT 跑鞋', '14'),
('358', '台隆手創館_廣三門市', '尚品美容器材批發商', '2024/04/10 12:51:21', '珠光修容霜 PEARL GLOW HIGHLIGHT', '137'),
('359', 'B&W_台北忠孝館', '榮創供應商', '2024/04/10 14:42:12', 'B&W Bowers & Wilkins Formation Duo 立體聲無線藍牙書架式喇叭', '10'),
('360', '3M_新竹店', '藝華精品進出口商', '2024/04/10 16:00:39', '3M 無痕 極淨防水收納-浴室免鑽-三角置物架', '17'),
('361', 'adidas kids_天母店', '歐洲時尚鞋包公司', '2024/04/10 16:37:45', 'adidas  ALTAVENTURE 包頭涼鞋', '163'),
('362', '111SKIN_台北復興館', '美之源美妝用品批發商', '2024/04/10 17:32:15', '111SKIN 天使聚光奇蹟敷膜75ml', '176'),
('363', 'adidas kids_新竹店', '盛世科技電子公司', '2024/04/10 18:08:10', 'adidas RAPIDAZEN SLIP-O 運動鞋', '9'),
('364', 'AiLi_新竹店', '順豐供應商', '2024/04/10 19:58:12', 'AiLi Echolac-24吋四輪行李箱', '39'),
('365', 'Amina Rubinacci_台北敦化館', '雋煌時尚配飾公司', '2024/04/10 21:13:35', 'Amina 金銅棕防潑水尼龍後背包', '137'),
('366', 'B&W_台北復興館', '智慧家電進出口商', '2024/04/11 11:03:38', 'B&W Bowers & Wilkins Formation Duo 立體聲無線藍牙書架式喇叭', '16'),
('367', 'airweave_台北忠孝館', '精品家具供應商', '2024/04/11 12:48:24', 'airweave 標準枕 可調整高度', '98'),
('368', 'B&W_台北復興館', '順盛國際貿易公司', '2024/04/11 14:38:55', 'B&W Bowers & Wilkins Formation Duo 立體聲無線藍牙書架式喇叭', '85'),
('369', 'adidas kids_天母店', '歐洲時尚鞋包公司', '2024/04/11 16:32:52', 'adidas  ALTAVENTURE 包頭涼鞋', '161'),
('370', 'beard papa_台北復興館', '華夏食品進出口商', '2024/04/11 17:20:17', 'Beard papa 日式泡芙(香草)6入組', '109'),
('371', 'Airfree_高雄店', '盛世科技電子公司', '2024/04/11 19:15:12', 'Airfree 葡萄牙AirFree空氣殺菌機Iris150', '84'),
('372', 'B&W_台北復興館', '順盛國際貿易公司', '2024/04/11 19:59:58', 'B&W Bowers & Wilkins Formation Duo 立體聲無線藍牙書架式喇叭', '38'),
('373', 'agnès b._天母店', '雋煌時尚配飾公司', '2024/04/11 21:23:53', 'agnes 皮革包', '172'),
('374', '10/10 HOPE_台北復興館', '芳香美妝用品批發商', '2024/04/12 11:03:56', '10/10 HOPE Christophe Robin蘆薈保濕修護洗髮露', '154'),
('375', 'Baccarat_台北敦化館', '華川家飾進出口商', '2024/04/12 11:42:22', 'Baccarat 長方形花瓶', '121'),
('376', 'beard papa_台北復興館', '巨豪供應商', '2024/04/12 13:14:14', 'Beard papa 日式泡芙(草莓)6入組', '58'),
('377', 'agete_台北忠孝館', '寶石珠寶進出口商', '2024/04/12 14:22:56', 'agete 10K鑽石尾戒', '122'),
('378', 'Amina Rubinacci_台北敦化館', '華川家飾進出口商', '2024/04/12 15:54:37', 'Amina 金銅棕防潑水尼龍後背包', '13'),
('379', 'Amina Rubinacci_台北敦化館', '華川家飾進出口商', '2024/04/12 16:30:13', 'Amina 金銅棕防潑水尼龍後背包', '86'),
('380', 'aldomartins_台北敦化館', '榮創供應商', '2024/04/12 18:26:52', 'aldomartins 梅芙皺褶格子連衣裙', '145'),
('381', 'beard papa_天母店', '欣欣生活百貨', '2024/04/12 19:46:06', 'Beard papa 日式泡芙(草莓)1入', '135'),
('382', 'adidas_天母店', '華麗時尚鞋包企業', '2024/04/12 20:29:01', 'adidas 男款ULTRABOOST LIGHT 跑鞋', '77'),
('383', 'agete_台北忠孝館', '寶石珠寶進出口商', '2024/04/12 21:47:34', 'agete 10K鑽石尾戒', '14'),
('384', 'ANYSIS_台北忠孝館', '源發貿易供應商', '2024/04/13 11:52:29', 'anysis A字傘狀裙(土黃)', '52'),
('385', 'agnès b._天母店', '悅巧精品公司', '2024/04/13 13:38:15', 'agnes 橢圓標小圓釘尼龍肩背包', '152'),
('386', 'AMEN_台北敦化館', '聯華供應商', '2024/04/13 14:51:10', 'AMEN 帆布托特包 ', '173'),
('387', '3M_新竹店', '舒爾特家居有限公司', '2024/04/13 16:02:04', '3M 無痕 極淨防水收納-浴室免鑽-三角置物架', '72'),
('388', 'AMEN_台北敦化館', '順盛國際貿易公司', '2024/04/13 17:21:56', 'AMEN 連帽外套 ', '23'),
('389', 'Berkemann_台北復興館', '歐洲時尚鞋包公司', '2024/04/13 18:59:48', 'Berkemann可置換鞋墊健康拖鞋(白色)', '193'),
('390', 'adidas kids_新竹店', '良友供應商', '2024/04/13 20:00:53', 'adidas Sportswear Tensaur Sport 2.0', '116'),
('391', 'Berkemann_台北復興館', '歐洲時尚鞋包公司', '2024/04/13 20:50:03', 'Berkemann可置換鞋墊健康拖鞋(白色)', '100'),
('392', 'BALENCIAGA_台北復興館', '歐洲時尚鞋包公司', '2024/04/14 11:47:15', 'BALENCIAGA 巴黎世家GIANT12 Work機車包', '98'),
('393', 'adidas kids_新竹店', '南亞供應商', '2024/04/14 12:18:19', 'adidas Sportswear Tensaur Sport 2.0', '13'),
('394', 'adidas_天母店', '映美食品加工廠', '2024/04/14 13:41:52', 'adidas 女款運動短褲', '6'),
('395', 'Baccarat_台北敦化館', '千金供應商', '2024/04/14 14:44:15', 'Baccarat 燭杯', '20'),
('396', '3M_新竹店', '舒爾特家居有限公司', '2024/04/14 15:53:27', '3M 無痕 極淨防水收納-浴室免鑽-三角置物架', '118'),
('397', 'Aesop_新竹店', '藝珂化妝品批發商', '2024/04/14 16:55:43', 'Aesop 苦橙甦活身體凝膠 150ml', '137'),
('398', 'Beauty Gallery_台北復興館', '芳香美妝用品批發商', '2024/04/14 18:55:17', 'beauty gallery BVLGARI寶格麗玫瑰金漾女性淡香精', '147'),
('399', 'Baccarat_台北敦化館', '千金供應商', '2024/04/14 20:43:23', 'Baccarat 燭杯', '52'),
('400', 'adidas_天母店', '華麗時尚鞋包企業', '2024/04/14 21:43:29', 'adidas 男款ULTRABOOST LIGHT 跑鞋', '76'),
('401', 'beard papa_天母店', '宏碁供應商', '2024/04/15 11:17:49', 'Beard papa 日式泡芙(香草)6入組', '150'),
('402', 'adabat_台北忠孝館', '魅力時尚精品公司', '2024/04/15 12:03:01', 'Adabat 線條設計毛衣 (海軍藍 (093))', '201'),
('403', 'agnès b._天母店', '悅巧精品公司', '2024/04/15 12:35:13', 'agnes 橢圓標小圓釘尼龍肩背包', '178'),
('404', 'agapebaby_高雄店', '源發貿易供應商', '2024/04/15 13:25:10', 'agapebaby moji-YIPPY COZY全成長型原木高腳椅', '51'),
('405', '10Days睡眠科技_台北忠孝館', '義隆供應商', '2024/04/15 14:17:47', '10Days 恬褋仕 柔眠枕(晨曦白)10cm', '66'),
('406', 'beard papa_天母店', '欣欣生活百貨', '2024/04/15 15:11:23', 'Beard papa 日式泡芙(草莓)1入', '67'),
('407', 'Amina Rubinacci_台北敦化館', '雋煌時尚配飾公司', '2024/04/15 16:18:29', 'Amina 金銅棕防潑水尼龍後背包', '130'),
('408', 'beard papa_天母店', '欣欣生活百貨', '2024/04/15 18:11:40', 'Beard papa 日式泡芙(草莓)1入', '102'),
('409', 'adidas kids_台北忠孝館', '南亞供應商', '2024/04/15 19:26:36', 'adidas RAPIDAZEN SLIP-O 運動鞋', '122'),
('410', 'adidas kids_天母店', '鑫欣供應商', '2024/04/15 20:24:38', 'adidas  ALTAVENTURE 包頭涼鞋', '147'),
('411', 'beard papa_台北復興館', '華夏食品進出口商', '2024/04/15 21:24:45', 'Beard papa 日式泡芙(香草)6入組', '92'),
('412', 'Beauty Gallery_台北復興館', '芳香美妝用品批發商', '2024/04/16 11:50:56', 'beauty gallery BVLGARI寶格麗玫瑰金漾女性淡香精', '94'),
('413', 'APANAGE_台北敦化館', '美國時尚精品批發商', '2024/04/16 13:48:03', 'apanage 花朵有領背心', '116'),
('414', 'B&W_台北忠孝館', '鑫源貿易', '2024/04/16 15:39:28', 'Bowers & Wilkins 第五代 Zeppelin Wireless', '133'),
('415', '10 mois_台北忠孝館', '典雅家飾進出口商', '2024/04/16 17:26:39', '10 mois 十字星彩三層紗沐浴紗布巾手帕組 天空藍', '75'),
('416', 'agnès b._中壢店', '千金供應商', '2024/04/16 19:06:21', 'agnes 橢圓標小圓釘尼龍肩背包', '148'),
('417', 'Airfree_天母店', '典雅家飾進出口商', '2024/04/16 20:12:48', 'Airfree 葡萄牙AirFree空氣殺菌機Fit40', '37'),
('418', 'beard papa_中壢店', '聯華供應商', '2024/04/16 21:42:28', 'Beard papa 日式泡芙(草莓)6入組', '100'),
('419', '0918_新竹店', '華美飾品有限公司', '2024/04/17 11:57:42', '0918 水彩玫瑰印花鬆緊腰蛋糕短褲裙', '93'),
('420', 'AMEN_台北敦化館', '飛魚生活百貨', '2024/04/17 13:19:58', 'AMEN 帆布托特包 ', '182'),
('421', 'adidas kids_天母店', '歐洲時尚鞋包公司', '2024/04/17 14:12:10', 'adidas  ALTAVENTURE 包頭涼鞋', '99'),
('422', 'adidas_高雄店', '良友供應商', '2024/04/17 15:41:30', 'adidas 女款運動短褲', '8'),
('423', '111SKIN_台北復興館', '美之源美妝用品批發商', '2024/04/17 17:36:31', '111SKIN 天使聚光奇蹟敷膜75ml', '81'),
('424', 'AMEN_台北敦化館', '義隆供應商', '2024/04/17 19:27:20', 'AMEN 連帽外套 ', '170'),
('425', 'agapebaby_高雄店', '聯華供應商', '2024/04/17 20:04:13', 'agapebaby ABC Design OKINI auto', '187'),
('426', 'agnès b._天母店', '悅巧精品公司', '2024/04/17 21:33:31', 'agnes 橢圓標小圓釘尼龍肩背包', '28'),
('427', '3M_新竹店', '美之源美妝用品批發商', '2024/04/18 11:57:32', '3M Nexcare 7660C 醫用口罩-50片盒裝*2入(台灣製)', '49'),
('428', 'Berkemann_台北復興館', '千金供應商', '2024/04/18 13:32:44', 'Berkemann可置換鞋墊健康拖鞋(藍色)', '121'),
('429', 'beard papa_中壢店', '聯華供應商', '2024/04/18 14:06:44', 'Beard papa 日式泡芙(草莓)6入組', '140'),
('430', 'BBL Premium_新竹店', '鑫欣供應商', '2024/04/18 14:52:36', 'BBL Premium 布萊克雙面床墊', '181'),
('431', 'Baccarat_台北敦化館', '華川家飾進出口商', '2024/04/18 15:42:21', 'Baccarat 長方形花瓶', '201'),
('432', '10Days睡眠科技_台北忠孝館', '義隆供應商', '2024/04/18 17:35:39', '10Days 恬褋仕 柔眠枕(晨曦白)10cm', '63'),
('433', 'Amina Rubinacci_台北敦化館', '華川家飾進出口商', '2024/04/18 18:57:49', 'Amina 金銅棕防潑水尼龍後背包', '161'),
('434', 'agnès b._天母店', '龍門科技電子公司', '2024/04/18 20:07:55', 'agnes Voyage 經典包款', '83'),
('435', 'Baccarat_台北忠孝館', '達鴻國際貿易公司', '2024/04/18 20:40:32', 'Baccarat 長方形花瓶', '60'),
('436', 'aldomartins_台北敦化館', '榮創供應商', '2024/04/18 21:17:08', 'aldomartins 梅芙皺褶格子連衣裙', '95'),
('437', 'beard papa_中壢店', '鑫源貿易', '2024/04/19 11:13:31', 'Beard papa 日式泡芙(香草)6入組', '72'),
('438', 'adidas kids_新竹店', '盛世科技電子公司', '2024/04/19 13:11:34', 'adidas RAPIDAZEN SLIP-O 運動鞋', '147'),
('439', 'B&W_台北復興館', '巨豪供應商', '2024/04/19 15:02:28', 'Bowers & Wilkins 第五代 Zeppelin Wireless', '101'),
('440', 'Baccarat_台北敦化館', '千金供應商', '2024/04/19 15:55:11', 'Baccarat 燭杯', '36'),
('441', 'aimerfeel_台北忠孝館', '千金供應商', '2024/04/19 17:04:09', 'aimerfeel 百合刺繡蕾絲三角內褲', '132'),
('442', '10/10 HOPE_台北復興館', '富美飾品批發商', '2024/04/19 18:08:28', '10/10 HOPE NEOM靜心舒眠香氛蠟燭', '41'),
('443', 'AMEN_台北敦化館', '義隆供應商', '2024/04/19 19:11:21', 'AMEN 連帽外套 ', '112'),
('444', 'agete_台北忠孝館', '華美飾品有限公司', '2024/04/19 20:29:52', 'agete 10K密釘鑲鑽石戒指', '10'),
('445', 'Been Teen_台北忠孝館', '群創供應商', '2024/04/19 21:38:33', 'Been Teen 校園運動系列 M-3L套穿式背心(動力灰)', '19'),
('446', 'AiLi_新竹店', '華麗時尚鞋包企業', '2024/04/20 12:33:17', 'AiLi MONTAGUT 夢特嬌 後背包', '126'),
('447', 'ALLSAINTS_台北復興館', '南亞供應商', '2024/04/20 14:09:00', 'AllSaints SIDNEY 皮革拼接外套', '7'),
('448', 'Berndes_台北忠孝館', '榮創供應商', '2024/04/20 15:46:12', 'Berndes 極炫中式單柄深炒鍋含蓋32cm', '17'),
('449', 'BBL Premium_天母店', '美之源美妝用品批發商', '2024/04/20 17:35:09', 'BBL Premium 100%棉刺繡枕巾', '42'),
('450', 'agnes b._新竹店', '美國時尚精品批發商', '2024/04/20 19:03:14', 'agnes 皮革包', '102'),
('451', 'AiLi_新竹店', '魅力時尚精品公司', '2024/04/20 20:14:12', 'AiLi Echolac-24吋四輪行李箱', '192'),
('452', 'adidas kids_新竹店', '龍門科技電子公司', '2024/04/20 21:52:05', 'adidas  ALTAVENTURE 包頭涼鞋', '1'),
('453', 'AiLi_新竹店', '魅力時尚精品公司', '2024/04/21 11:25:42', 'AiLi Echolac-24吋四輪行李箱', '191'),
('454', 'AiLi_新竹店', '華麗時尚鞋包企業', '2024/04/21 12:21:53', 'AiLi MONTAGUT 夢特嬌 後背包', '192'),
('455', 'AIGLE_天母店', '千金供應商', '2024/04/21 13:51:47', 'ALBION 水吻綻動潤唇膏 3.2g', '151'),
('456', 'BAO BAO ISSEY MIYAKE_台北復興館', '雋煌時尚配飾公司', '2024/04/21 15:00:09', 'BAOBAO 皮質籃簍幾何方格手提包', '97'),
('457', 'B&W_台北復興館', '智慧家電進出口商', '2024/04/21 16:17:50', 'B&W Bowers & Wilkins Formation Duo 立體聲無線藍牙書架式喇叭', '119'),
('458', 'airweave_台北忠孝館', '群創供應商', '2024/04/21 17:18:08', 'airweave 單人 - 25公分多模式S04床墊', '43'),
('459', 'beard papa_台北復興館', '華夏食品進出口商', '2024/04/21 18:11:23', 'Beard papa 日式泡芙(香草)6入組', '195'),
('460', '10/10 HOPE_新竹店', '藝華精品進出口商', '2024/04/21 20:02:53', '10/10 HOPE bamford紅霞香氛蠟燭', '14'),
('461', 'beard papa_天母店', '欣欣生活百貨', '2024/04/21 21:57:24', 'Beard papa 日式泡芙(草莓)1入', '154'),
('462', 'B&W_台北復興館', '智慧家電進出口商', '2024/04/22 12:31:52', 'B&W Bowers & Wilkins Formation Duo 立體聲無線藍牙書架式喇叭', '144'),
('463', 'beard papa_天母店', '宏碁供應商', '2024/04/22 13:34:14', 'Beard papa 日式泡芙(香草)6入組', '52'),
('464', 'beard papa_中壢店', '鑫源貿易', '2024/04/22 14:15:21', 'Beard papa 日式泡芙(香草)6入組', '14'),
('465', 'agnès b._天母店', '雋煌時尚配飾公司', '2024/04/22 16:10:18', 'agnes 皮革包', '34'),
('466', '3M_新竹店', '芳香美妝用品批發商', '2024/04/22 18:04:30', '3M Nexcare 7660C 醫用口罩-50片盒裝*2入(台灣製)', '77'),
('467', 'adidas_台北復興館', '藝華精品進出口商', '2024/04/22 19:35:11', 'adidas 女款ULTRABOOST LIGHT 跑鞋', '132'),
('468', '10 mois_台北忠孝館', '源發貿易供應商', '2024/04/22 20:08:19', '10 mois PATTO SATTO HADAGI 秒脫連身包屁衣 綠 60-70cm', '53'),
('469', 'Baccarat_台北敦化館', '千金供應商', '2024/04/22 20:58:42', 'Baccarat 燭杯', '53'),
('470', 'BAO BAO ISSEY MIYAKE_台北復興館', '華美飾品有限公司', '2024/04/22 21:45:53', 'BAOBAO 皮質籃簍幾何方格手提包', '120'),
('471', 'ALLSAINTS_新竹店', '群創供應商', '2024/04/23 12:26:02', 'AllSaints SIDNEY 皮革拼接外套', '138'),
('472', 'Amina Rubinacci_台北敦化館', '華川家飾進出口商', '2024/04/23 12:57:03', 'Amina 金銅棕防潑水尼龍後背包', '114'),
('473', 'Baccarat_天母店', '典雅家飾進出口商', '2024/04/23 14:52:34', 'Baccarat 燭杯', '93'),
('474', 'Airfree_高雄店', '盛世科技電子公司', '2024/04/23 15:36:22', 'Airfree 葡萄牙AirFree空氣殺菌機Iris150', '148'),
('475', '3M_新竹店', '舒爾特家居有限公司', '2024/04/23 17:33:01', '3M 無痕 極淨防水收納-浴室免鑽-三角置物架', '83'),
('476', 'beard papa_台北復興館', '巨豪供應商', '2024/04/23 18:26:05', 'Beard papa 日式泡芙(草莓)6入組', '58'),
('477', 'airweave_台北忠孝館', '群創供應商', '2024/04/23 20:09:33', 'airweave 單人 - 25公分多模式S04床墊', '34'),
('478', 'Baccarat_台北敦化館', '魅力時尚精品公司', '2024/04/23 20:45:05', 'Baccarat 燭杯', '195'),
('479', 'Baccarat_台北敦化館', '千金供應商', '2024/04/23 21:50:53', 'Baccarat 燭杯', '48'),
('480', 'AiLi_中壢店', '全盛家飾有限公司', '2024/04/24 12:12:24', 'AiLi 夢特嬌-24吋 四輪行李箱', '36'),
('481', 'beard papa_台北復興館', '華夏食品進出口商', '2024/04/24 13:56:59', 'Beard papa 日式泡芙(草莓)6入組', '167'),
('482', 'adidas_中壢店', '飛魚生活百貨', '2024/04/24 15:16:11', 'adidas 女款ULTRABOOST LIGHT 跑鞋', '33'),
('483', 'beard papa_中壢店', '聯華供應商', '2024/04/24 16:28:07', 'Beard papa 日式泡芙(草莓)6入組', '189'),
('484', '台隆手創館_廣三門市', '美之源美妝用品批發商', '2024/04/24 17:38:27', '巧麗腮紅組 Powder Cheeks', '199'),
('485', 'AiLi_中壢店', '全盛家飾有限公司', '2024/04/24 19:08:43', 'AiLi 夢特嬌-24吋 四輪行李箱', '85'),
('486', 'BALENCIAGA_台北復興館', '雅緻時尚鞋包公司', '2024/04/24 20:57:42', 'BALENCIAGA Speed Trainer 黑白經典襪套', '138'),
('487', 'Airfree_天母店', '巨豪供應商', '2024/04/25 11:55:10', 'Airfree 葡萄牙AirFree空氣殺菌機P125', '2'),
('488', 'BALENCIAGA_台北復興館', '歐洲時尚鞋包公司', '2024/04/25 13:11:13', 'BALENCIAGA 巴黎世家GIANT12 Work機車包', '94'),
('489', 'ANPANMAN SHOWCASE_新竹店', '富美飾品批發商', '2024/04/25 14:25:10', 'Anpanman 麵包超人全明星玻璃杯 5入禮盒組', '135'),
('490', 'B&W_台北復興館', '順豐供應商', '2024/04/25 15:15:03', 'Bowers & Wilkins 第五代 Zeppelin Wireless', '124'),
('491', 'Baker Street貝克街_台北忠孝館', '順盛國際貿易公司', '2024/04/25 15:54:27', 'Baker Street 短袖T恤', '80'),
('492', 'Airfree_高雄店', '奇新科技', '2024/04/25 16:47:42', 'Airfree 葡萄牙AirFree空氣殺菌機E125', '45'),
('493', 'BAO BAO ISSEY MIYAKE_台北復興館', '雋煌時尚配飾公司', '2024/04/25 17:24:09', 'BAOBAO 皮質籃簍幾何方格手提包', '76'),
('494', 'aldomartins_台北敦化館', '榮創供應商', '2024/04/25 18:26:24', 'aldomartins 梅芙皺褶格子連衣裙', '154'),
('495', 'Berkemann_台北復興館', '歐洲時尚鞋包公司', '2024/04/25 20:17:44', 'Berkemann可置換鞋墊健康拖鞋(白色)', '40'),
('496', 'agapebaby_高雄店', '源發貿易供應商', '2024/04/26 11:10:57', 'agapebaby moji-YIPPY COZY全成長型原木高腳椅', '80'),
('497', 'AiLi_新竹店', '順豐供應商', '2024/04/26 12:24:03', 'AiLi Echolac-24吋四輪行李箱', '49'),
('498', '23區_新竹店', '美心精品進出口商', '2024/04/26 14:01:53', '23區 Typewriter高級混棉無袖襯衫', '161'),
('499', 'B&W_台北復興館', '順盛國際貿易公司', '2024/04/26 14:39:40', 'B&W Bowers & Wilkins Formation Duo 立體聲無線藍牙書架式喇叭', '123'),
('500', 'Airfree_高雄店', '盛世科技電子公司', '2024/04/26 15:20:46', 'Airfree 葡萄牙AirFree空氣殺菌機Iris150', '135'),
('501', 'APANAGE_台北敦化館', '美國時尚精品批發商', '2024/04/26 16:59:19', 'apanage 花朵有領背心', '38'),
('502', 'B&W_台北復興館', '順盛國際貿易公司', '2024/04/26 17:39:22', 'B&W Bowers & Wilkins Formation Duo 立體聲無線藍牙書架式喇叭', '197'),
('503', '10Days睡眠科技_台北忠孝館', '義隆供應商', '2024/04/26 19:31:11', '10Days 恬褋仕 柔眠枕(晨曦白)10cm', '25'),
('504', '0918_台北忠孝館', '華美飾品有限公司', '2024/04/26 21:15:43', '0918 復古玫瑰印花壓摺荷葉裝飾鬆緊腰長裙', '35'),
('505', 'BAO BAO ISSEY MIYAKE_台北復興館', '華美飾品有限公司', '2024/04/27 11:31:02', 'BAOBAO 皮質籃簍幾何方格手提包', '173'),
('506', 'AIGLE_天母店', '千金供應商', '2024/04/27 13:15:56', 'ALBION 水吻綻動潤唇膏 3.2g', '4'),
('507', 'Baccarat_台北敦化館', '千金供應商', '2024/04/27 15:03:48', 'Baccarat 燭杯', '154'),
('508', 'agete_台北忠孝館', '雋煌時尚配飾公司', '2024/04/27 16:18:15', 'agete 10K珍珠耳墜', '60'),
('509', 'AiLi_中壢店', '歐洲時尚鞋包公司', '2024/04/27 17:57:14', 'AiLi 夢特嬌-24吋 四輪行李箱', '148'),
('510', 'aldomartins_台北敦化館', '榮創供應商', '2024/04/27 18:59:59', 'aldomartins 梅芙皺褶格子連衣裙', '99'),
('511', '23區_新竹店', '美心精品進出口商', '2024/04/27 19:41:31', '23區 Typewriter高級混棉無袖襯衫', '195'),
('512', 'AMEN_台北敦化館', '順盛國際貿易公司', '2024/04/27 21:36:24', 'AMEN 連帽外套 ', '115'),
('513', 'bgreen_高雄店', '昇隆家飾有限公司', '2024/04/28 11:45:29', 'bgreen 運動家具 沐意森活 悠活凳WS1', '77'),
('514', 'adidas_中壢店', '良友供應商', '2024/04/28 13:26:32', 'adidas 女款ULTRABOOST LIGHT 跑鞋', '145'),
('515', 'BEST HOME COLLECTION_台北忠孝館', '飛魚生活百貨', '2024/04/28 15:08:24', 'BEST HOME COLLECTION 浴帽', '150'),
('516', 'ACCA KAPPA_台北忠孝館', '魅力時尚精品公司', '2024/04/28 16:20:30', 'ACCA KAPPA 托斯卡尼護手霜香皂禮盒', '13'),
('517', '45rpm_台北忠孝館', '美國時尚精品批發商', '2024/04/28 17:46:32', '45rpm 印度麻馬德拉斯 908連帽衫', '159'),
('518', 'adidas_天母店', '華麗時尚鞋包企業', '2024/04/28 19:33:58', 'adidas 男款ULTRABOOST LIGHT 跑鞋', '49'),
('519', 'ANNE DE SOLENE 安妮莎琳_台北忠孝館', '鑫欣供應商', '2024/04/28 20:34:44', '安妮莎琳-長纖細棉印花床組', '94'),
('520', 'BBL Premium_天母店', '美之源美妝用品批發商', '2024/04/29 11:20:00', 'BBL Premium 100%棉刺繡枕巾', '132'),
('521', '3M_新竹店', '舒爾特家居有限公司', '2024/04/29 11:58:59', '3M 無痕 極淨防水收納-浴室免鑽-三角置物架', '187'),
('522', 'Baccarat_台北忠孝館', '美麗居家飾品公司', '2024/04/29 13:36:32', 'Baccarat 長方形花瓶', '161'),
('523', 'beard papa_台北復興館', '巨豪供應商', '2024/04/29 14:56:00', 'Beard papa 日式泡芙(草莓)6入組', '26'),
('524', 'Berndes_中壢店', '鑫源貿易', '2024/04/29 16:18:33', 'Berndes ALU INDUCTION B.NATURE 陶瓷不沾鍋平底鍋20cm', '65'),
('525', 'adidas_天母店', '映美食品加工廠', '2024/04/29 17:10:22', 'adidas 女款運動短褲', '160'),
('526', 'adidas kids_台北忠孝館', '南亞供應商', '2024/04/29 18:24:44', 'adidas RAPIDAZEN SLIP-O 運動鞋', '68'),
('527', 'agnès b._中壢店', '千金供應商', '2024/04/29 19:16:41', 'agnes 橢圓標小圓釘尼龍肩背包', '79'),
('528', '10/10 HOPE_台北復興館', '芳香美妝用品批發商', '2024/04/29 21:03:57', '10/10 HOPE Christophe Robin蘆薈保濕修護洗髮露', '12'),
('529', 'ALLSAINTS_新竹店', '群創供應商', '2024/04/30 11:41:59', 'AllSaints SIDNEY 皮革拼接外套', '186'),
('530', 'a la sha_台北復興館', '順豐供應商', '2024/04/30 13:02:50', 'a la sha 斜紋九分合身褲', '118'),
('531', '45rpm_台北忠孝館', '美國時尚精品批發商', '2024/04/30 14:44:52', '45rpm 印度麻馬德拉斯 908連帽衫', '44'),
('532', '台隆手創館_廣三門市', '尚品美容器材批發商', '2024/04/30 15:22:04', '珠光修容霜 PEARL GLOW HIGHLIGHT', '86'),
('533', '3M_新竹店', '藝華精品進出口商', '2024/04/30 15:53:00', '3M 無痕 極淨防水收納-浴室免鑽-三角置物架', '178'),
('534', 'AMEN_台北敦化館', '義隆供應商', '2024/04/30 16:30:23', 'AMEN 連帽外套 ', '139'),
('535', '台隆手創館_廣三門市', '迪奧國際貿易公司', '2024/04/30 18:19:08', '腮紅霜 Cream cheek', '56'),
('536', 'adidas_天母店', '映美食品加工廠', '2024/04/30 20:01:13', 'adidas 女款運動短褲', '67'),
('537', 'adidas kids_天母店', '鑫欣供應商', '2024/04/30 21:56:57', 'adidas  ALTAVENTURE 包頭涼鞋', '1'),
('538', 'Baccarat_台北敦化館', '魅力時尚精品公司', '2024/05/01 11:51:38', 'Baccarat 燭杯', '148'),
('539', 'adidas_中壢店', '飛魚生活百貨', '2024/05/01 12:46:33', 'adidas 女款ULTRABOOST LIGHT 跑鞋', '80'),
('540', '3M_新竹店', '舒爾特家居有限公司', '2024/05/01 14:36:57', '3M 無痕 極淨防水收納-浴室免鑽-三角置物架', '171'),
('541', 'B&W_台北復興館', '順豐供應商', '2024/05/01 15:44:26', 'Bowers & Wilkins 第五代 Zeppelin Wireless', '81'),
('542', 'Airfree_高雄店', '盛世科技電子公司', '2024/05/01 17:18:27', 'Airfree 葡萄牙AirFree空氣殺菌機Iris150', '122'),
('543', '3M_新竹店', '美之源美妝用品批發商', '2024/05/01 18:28:10', '3M Nexcare 7660C 醫用口罩-50片盒裝*2入(台灣製)', '37'),
('544', 'a la sha_台北復興館', '順豐供應商', '2024/05/01 19:06:36', 'a la sha 斜紋九分合身褲', '194'),
('545', '10 mois_台北忠孝館', '源發貿易供應商', '2024/05/01 21:04:52', '10 mois PATTO SATTO HADAGI 秒脫連身包屁衣 綠 60-70cm', '187'),
('546', '3M_新竹店', '芳香美妝用品批發商', '2024/05/02 11:09:17', '3M Nexcare 7660C 醫用口罩-50片盒裝*2入(台灣製)', '50'),
('547', 'adidas kids_天母店', '鑫欣供應商', '2024/05/02 12:06:05', 'adidas  ALTAVENTURE 包頭涼鞋', '64'),
('548', '45rpm_台北忠孝館', '美國時尚精品批發商', '2024/05/02 13:04:49', '45rpm 印度麻馬德拉斯 908連帽衫', '188'),
('549', 'adidas_中壢店', '源發貿易供應商', '2024/05/02 14:08:14', 'adidas 女款運動短褲', '105'),
('550', 'AMEN_台北敦化館', '義隆供應商', '2024/05/02 15:17:23', 'AMEN 連帽外套 ', '36'),
('551', 'APIVITA_台北復興館', '巨豪供應商', '2024/05/02 16:01:37', 'APIVITA 私密保養潔膚露', '89'),
('552', 'AiLi_新竹店', '明德商行', '2024/05/02 17:46:48', 'AiLi 夢特嬌-24吋 四輪行李箱', '96'),
('553', '3M_新竹店', '美之源美妝用品批發商', '2024/05/02 18:49:54', '3M Nexcare 7660C 醫用口罩-50片盒裝*2入(台灣製)', '197'),
('554', 'a la sha_台北復興館', '順豐供應商', '2024/05/02 19:36:34', 'a la sha 斜紋九分合身褲', '121'),
('555', 'Baccarat_台北忠孝館', '達鴻國際貿易公司', '2024/05/02 21:11:58', 'Baccarat 長方形花瓶', '150'),
('556', 'ACCA KAPPA_台北忠孝館', '魅力時尚精品公司', '2024/05/03 11:14:33', 'ACCA KAPPA 托斯卡尼護手霜香皂禮盒', '88'),
('557', 'AiLi_新竹店', '華麗時尚鞋包企業', '2024/05/03 12:26:09', 'AiLi MONTAGUT 夢特嬌 後背包', '176'),
('558', 'ANNE DE SOLENE 安妮莎琳_台北忠孝館', '鑫欣供應商', '2024/05/03 13:24:15', '安妮莎琳-長纖細棉印花床組', '75'),
('559', '10/10 HOPE_台北復興館', '芳香美妝用品批發商', '2024/05/03 14:16:51', '10/10 HOPE Christophe Robin蘆薈保濕修護洗髮露', '100'),
('560', 'adidas kids_新竹店', '盛世科技電子公司', '2024/05/03 15:25:58', 'adidas RAPIDAZEN SLIP-O 運動鞋', '4'),
('561', 'adidas_天母店', '映美食品加工廠', '2024/05/03 16:34:33', 'adidas 女款運動短褲', '131'),
('562', 'bgreen_高雄店', '昇隆家飾有限公司', '2024/05/03 17:47:53', 'bgreen 運動家具 沐意森活 悠活凳WS1', '53'),
('563', 'APANAGE_台北敦化館', '美國時尚精品批發商', '2024/05/03 18:35:16', 'apanage 花朵有領背心', '104'),
('564', 'Been Teen_台北忠孝館', '群創供應商', '2024/05/03 19:10:22', 'Been Teen 校園運動系列 M-3L套穿式背心(動力灰)', '59'),
('565', '0918_新竹店', '華美飾品有限公司', '2024/05/03 20:18:58', '0918 水彩玫瑰印花鬆緊腰蛋糕短褲裙', '42'),
('566', '康是美_廣三門市', '良友供應商', '2024/05/03 21:33:09', '美人魚霓采打亮修容餅 glow like a mermaid highlighter', '30'),
('567', 'adidas_天母店', '南亞供應商', '2024/05/04 12:06:04', 'adidas 男款ULTRABOOST LIGHT 跑鞋', '110'),
('568', '10Days睡眠科技_台北忠孝館', '義隆供應商', '2024/05/04 13:39:50', '10Days 恬褋仕 柔眠枕(晨曦白)10cm', '134'),
('569', 'Baccarat_天母店', '雅趣家具進出口商', '2024/05/04 15:12:29', 'Baccarat 燭杯', '28'),
('570', 'Baccarat_台北敦化館', '華川家飾進出口商', '2024/05/04 16:53:45', 'Baccarat 長方形花瓶', '17'),
('571', 'BALENCIAGA_台北復興館', '歐洲時尚鞋包公司', '2024/05/04 17:42:16', 'BALENCIAGA 巴黎世家GIANT12 Work機車包', '115'),
('572', 'Been Teen_台北忠孝館', '群創供應商', '2024/05/04 18:52:33', 'Been Teen 校園運動系列 M-3L套穿式背心(動力灰)', '101'),
('573', 'betty''s_中壢店', '富美飾品批發商', '2024/05/04 20:30:49', 'betty''s 格子吊帶假兩件洋裝(淺綠)', '122'),
('574', 'B&W_台北忠孝館', '榮創供應商', '2024/05/05 11:06:22', 'B&W Bowers & Wilkins Formation Duo 立體聲無線藍牙書架式喇叭', '131'),
('575', '3M_新竹店', '舒爾特家居有限公司', '2024/05/05 11:55:07', '3M 無痕 極淨防水收納-浴室免鑽-三角置物架', '180'),
('576', 'Baker Street貝克街_台北忠孝館', '順盛國際貿易公司', '2024/05/05 12:32:12', 'Baker Street 短袖T恤', '199'),
('577', 'Baccarat_台北忠孝館', '達鴻國際貿易公司', '2024/05/05 14:05:53', 'Baccarat 長方形花瓶', '175'),
('578', 'beard papa_中壢店', '聯華供應商', '2024/05/05 15:36:31', 'Beard papa 日式泡芙(草莓)6入組', '19'),
('579', 'aimerfeel_台北忠孝館', '千金供應商', '2024/05/05 16:58:48', 'aimerfeel 百合刺繡蕾絲三角內褲', '53'),
('580', 'AMEN_台北敦化館', '聯華供應商', '2024/05/05 18:07:44', 'AMEN 帆布托特包 ', '97'),
('581', '台隆手創館_廣三門市', '尚品美容器材批發商', '2024/05/05 19:30:36', '珠光修容霜 PEARL GLOW HIGHLIGHT', '177'),
('582', 'AMEN_台北敦化館', '飛魚生活百貨', '2024/05/05 20:50:25', 'AMEN 帆布托特包 ', '34'),
('583', 'agnès b._天母店', '悅巧精品公司', '2024/05/06 11:04:33', 'agnes 橢圓標小圓釘尼龍肩背包', '155'),
('584', 'Airfree_高雄店', '奇新科技', '2024/05/06 11:53:53', 'Airfree 葡萄牙AirFree空氣殺菌機E125', '200'),
('585', 'airweave_台北忠孝館', '群創供應商', '2024/05/06 13:43:44', 'airweave 單人 - 25公分多模式S04床墊', '187'),
('586', 'Beauty Gallery_台北復興館', '芳香美妝用品批發商', '2024/05/06 15:07:26', 'beauty gallery BVLGARI寶格麗玫瑰金漾女性淡香精', '81'),
('587', 'BBL Premium_天母店', '千金供應商', '2024/05/06 16:49:48', 'BBL Premium 100%棉刺繡枕巾', '134'),
('588', 'adidas_天母店', '南亞供應商', '2024/05/06 18:33:39', 'adidas 男款ULTRABOOST LIGHT 跑鞋', '198'),
('589', 'Baccarat_台北忠孝館', '美麗居家飾品公司', '2024/05/06 19:33:51', 'Baccarat 長方形花瓶', '61'),
('590', '0918_天母店', '悅巧精品公司', '2024/05/06 21:12:48', '0918 法式復古小香風海棉質感髮箍', '107'),
('591', 'B&W_台北復興館', '順豐供應商', '2024/05/07 11:12:19', 'Bowers & Wilkins 第五代 Zeppelin Wireless', '190'),
('592', 'AiLi_新竹店', '聯華供應商', '2024/05/07 11:59:13', 'AiLi Echolac-24吋四輪行李箱', '54'),
('593', '10 mois_台北忠孝館', '源發貿易供應商', '2024/05/07 13:57:59', '10 mois PATTO SATTO HADAGI 秒脫連身包屁衣 綠 60-70cm', '102'),
('594', 'adidas_中壢店', '良友供應商', '2024/05/07 15:43:32', 'adidas 女款ULTRABOOST LIGHT 跑鞋', '181'),
('595', 'Baccarat_台北忠孝館', '雅品家居有限公司', '2024/05/07 16:44:11', 'Baccarat 長方形花瓶', '73'),
('596', '3M_新竹店', '藝華精品進出口商', '2024/05/07 17:44:17', '3M 無痕 極淨防水收納-浴室免鑽-三角置物架', '91'),
('597', '10/10 HOPE_台北復興館', '順豐供應商', '2024/05/07 18:44:13', '10/10 HOPE bamford紅霞香氛蠟燭', '99'),
('598', 'BBL Premium_新竹店', '鑫欣供應商', '2024/05/07 19:17:18', 'BBL Premium 布萊克雙面床墊', '151'),
('599', 'a la sha_台北復興館', '順豐供應商', '2024/05/07 20:41:25', 'a la sha 斜紋九分合身褲', '59'),
('600', 'BBL Premium_天母店', '美之源美妝用品批發商', '2024/05/08 11:02:04', 'BBL Premium 100%棉刺繡枕巾', '102'),
('601', 'AMEN_台北敦化館', '順盛國際貿易公司', '2024/05/08 12:34:02', 'AMEN 連帽外套 ', '103');

-- 插入 Promotional_Campaign 資料
INSERT INTO Promotional_Campaign (Store_Name, Name, Start_Time, End_Time, Method) VALUES
('台隆手創館_廣三門市', '夏日嘉年華', '2024-06-01 10:00:00', '2024-06-05 18:00:00', '折扣促銷'),
('康是美_廣三門市', '狂歡購物節', '2024-06-10 9:00:00', '2024-06-15 21:00:00', '滿額送禮'),
('0918_新竹店', '時尚大折扣', '2024-06-20 12:00:00', '2024-06-25 20:00:00', '特價促銷'),
('0918_中壢店', '時尚大折扣', '2024-06-20 12:00:00', '2024-06-25 20:00:00', '特價促銷'),
('0918_台北忠孝館', '時尚大折扣', '2024-06-20 12:00:00', '2024-06-25 20:00:00', '特價促銷'),
('0918_天母店', '時尚大折扣', '2024-06-20 12:00:00', '2024-06-25 20:00:00', '特價促銷'),
('0918_高雄店', '時尚大折扣', '2024-06-20 12:00:00', '2024-06-25 20:00:00', '特價促銷'),
('10 mois_台北忠孝館', '周年慶祝活動', '2024-07-01 10:00:00', '2024-07-07 22:00:00', '贈品優惠'),
('10/10 HOPE_新竹店', '夏日瘋狂特賣', '2024-07-10 9:30:00', '2024-07-15 19:30:00', '限時特價'),
('10/10 HOPE_台北復興館', '夏日瘋狂特賣', '2024-07-10 9:30:00', '2024-07-15 19:30:00', '限時特價'),
('10Days睡眠科技_台北忠孝館', '美妝狂歡月', '2024-07-20 11:00:00', '2024-07-25 21:30:00', '滿額折扣'),
('10Days睡眠科技_中壢店', '美妝狂歡月', '2024-07-20 11:00:00', '2024-07-25 21:30:00', '滿額折扣'),
('111SKIN_台北復興館', '家居盛宴', '2024-08-01 10:30:00', '2024-08-07 20:30:00', '全館特價'),
('1929家居生活館_高雄店', '秋季時尚週', '2024-08-10 9:00:00', '2024-08-15 18:00:00', '折扣促銷'),
('22 OCTOBRE_台北忠孝館', '黃金週購物節', '2024-08-20 10:00:00', '2024-08-25 22:00:00', '現金回饋'),
('23區_台北忠孝館', '大型優惠盛會', '2024-09-01 9:30:00', '2024-09-07 19:30:00', '限時特價'),
('23區_新竹店', '大型優惠盛會', '2024-09-01 9:30:00', '2024-09-07 19:30:00', '限時特價'),
('3M_新竹店', '冬日暖心特賣', '2024-09-10 12:00:00', '2024-09-15 21:00:00', '特價促銷'),
('45rpm_台北忠孝館', '時尚精品週', '2024-09-20 10:00:00', '2024-09-25 20:00:00', '滿額送禮'),
('a la sha_台北復興館', '年終慶祝活動', '2024-10-01 9:00:00', '2024-10-07 22:00:00', '贈品優惠'),
('a la sha_中壢店', '年終慶祝活動', '2024-10-01 9:00:00', '2024-10-07 22:00:00', '贈品優惠'),
('a la sha_新竹店', '年終慶祝活動', '2024-10-01 9:00:00', '2024-10-07 22:00:00', '贈品優惠'),
('a.testoni_台北敦化館', '瘋狂周年慶', '2024-10-10 11:00:00', '2024-10-15 19:00:00', '現金折扣'),
('ABC Cooking Studio_台北敦化館', '時尚夏日特賣', '2024-10-20 10:30:00', '2024-10-25 21:30:00', '滿額折扣'),
('ACCA KAPPA_台北忠孝館', '感恩節購物季', '2024-11-10 9:30:00', '2024-11-15 19:30:00', '限時特價'),
('adabat_台北忠孝館', '美妝聖誕盛典', '2024-11-20 11:00:00', '2024-11-25 21:00:00', '折扣促銷'),
('Aderans愛德蘭絲_新竹店', '冬日暖心慶典', '2024-12-01 10:00:00', '2024-12-07 22:00:00', '現金回饋'),
('adidas_台北忠孝館', '聖誕瘋狂特賣', '2024-12-10 9:30:00', '2024-12-15 19:30:00', '特價促銷'),
('adidas_台北復興館', '聖誕瘋狂特賣', '2024-12-10 9:30:00', '2024-12-15 19:30:00', '特價促銷'),
('adidas_中壢店', '聖誕瘋狂特賣', '2024-12-10 9:30:00', '2024-12-15 19:30:00', '特價促銷'),
('adidas_高雄店', '聖誕瘋狂特賣', '2024-12-10 9:30:00', '2024-12-15 19:30:00', '特價促銷'),
('adidas_天母店', '聖誕瘋狂特賣', '2024-12-10 9:30:00', '2024-12-15 19:30:00', '特價促銷'),
('ADIDAS GOLF_台北忠孝館', '時尚年終週', '2024-12-20 12:00:00', '2024-12-25 21:00:00', '滿額送禮'),
('adidas kids_台北忠孝館', '新年倒數派對', '2024-12-31 20:00:00', '2024-01-01 2:00:00', '現場抽獎'),
('adidas kids_天母店', '新年倒數派對', '2024-12-31 20:00:00', '2024-01-01 2:00:00', '現場抽獎'),
('adidas kids_中壢店', '新年倒數派對', '2024-12-31 20:00:00', '2024-01-01 2:00:00', '現場抽獎'),
('adidas kids_新竹店', '新年倒數派對', '2024-12-31 20:00:00', '2024-01-01 2:00:00', '現場抽獎'),
('adidas Originals_天母店', '新年大折扣', '2024-01-02 10:00:00', '2024-01-07 18:00:00', '折扣促銷'),
('adidas Originals_中壢店', '新年大折扣', '2024-01-02 10:00:00', '2024-01-07 18:00:00', '折扣促銷'),
('adidas Originals_高雄店', '新年大折扣', '2024-01-02 10:00:00', '2024-01-07 18:00:00', '折扣促銷'),
('Aesop_天母店', '時尚新春特賣', '2024-01-10 9:30:00', '2024-01-15 19:30:00', '滿額折扣'),
('Aesop_新竹店', '時尚新春特賣', '2024-01-10 9:30:00', '2024-01-15 19:30:00', '滿額折扣'),
('agapebaby_高雄店', '春季時尚週', '2024-01-20 11:00:00', '2024-01-25 21:00:00', '限時特價'),
('agete_台北忠孝館', '百貨春日嘉年華', '2024-02-01 10:00:00', '2024-02-07 22:00:00', '贈品優惠'),
('agnes b._新竹店', '情人節購物節', '2024-02-10 9:00:00', '2024-02-15 20:00:00', '特價促銷'),
('agnès b._中壢店', '時尚品牌周', '2024-02-20 12:00:00', '2024-02-25 21:00:00', '全館特價'),
('agnès b._台北復興館', '時尚品牌周', '2024-02-20 12:00:00', '2024-02-25 21:00:00', '全館特價'),
('agnès b._天母店', '時尚品牌周', '2024-02-20 12:00:00', '2024-02-25 21:00:00', '全館特價'),
('AIGLE_天母店', '大型折扣嘉年華', '2024-03-01 10:30:00', '2024-03-07 20:30:00', '現金回饋'),
('AiLi_中壢店', '春日特惠活動', '2024-03-10 9:00:00', '2024-03-15 18:00:00', '限時特價'),
('AiLi_新竹店', '春日特惠活動', '2024-03-10 9:00:00', '2024-03-15 18:00:00', '限時特價'),
('aimerfeel_中壢店', '時尚春季慶典', '2024-03-20 10:00:00', '2024-03-25 20:00:00', '折扣促銷'),
('aimerfeel_台北忠孝館', '時尚春季慶典', '2024-03-20 10:00:00', '2024-03-25 20:00:00', '折扣促銷'),
('Airfree_天母店', '復活節購物季', '2024-04-01 9:30:00', '2024-04-07 19:30:00', '滿額送禮'),
('Airfree_高雄店', '復活節購物季', '2024-04-01 9:30:00', '2024-04-07 19:30:00', '滿額送禮'),
('airweave_台北忠孝館', '時尚夏日特賞', '2024-04-20 10:30:00', '2024-04-25 21:30:00', '滿額折扣'),
('ALBION_台北忠孝館', '五一勞動節慶典', '2024-05-01 10:00:00', '2024-05-07 20:00:00', '全館特價'),
('ALBION_中壢店', '五一勞動節慶典', '2024-05-01 10:00:00', '2024-05-07 20:00:00', '全館特價'),
('aldomartins_台北敦化館', '美食盛會', '2024-05-10 9:30:00', '2024-05-15 19:30:00', '限時特價'),
('Alice & Olivia_台北復興館', '時尚春夏嘉年華', '2024-05-20 11:00:00', '2024-05-25 21:00:00', '折扣促銷'),
('ALLSAINTS_台北復興館', '端午節購物節', '2024-06-01 10:00:00', '2024-06-07 22:00:00', '贈品優惠'),
('ALLSAINTS_新竹店', '端午節購物節', '2024-06-01 10:00:00', '2024-06-07 22:00:00', '贈品優惠'),
('AMEN_台北敦化館', '夏日狂歡特賣', '2024-06-10 9:30:00', '2024-06-15 19:30:00', '特價促銷'),
('Amina Rubinacci_台北敦化館', '時尚大型週末', '2024-06-20 12:00:00', '2024-06-25 21:00:00', '全館特價'),
('Anita Su_新竹店', '年中慶典', '2024-07-01 10:00:00', '2024-07-07 22:00:00', '現金回饋'),
('ANNE DE SOLENE 安妮莎琳_台北忠孝館', '夏日清涼特惠', '2024-07-10 9:00:00', '2024-07-15 20:00:00', '特價促銷'),
('ANPANMAN SHOWCASE_新竹店', '美妝時尚周', '2024-07-20 11:00:00', '2024-07-25 21:00:00', '滿額送禮'),
('ANYSIS_台北忠孝館', '家居暑期嘉年華', '2024-08-01 9:30:00', '2024-08-07 19:30:00', '限時特價'),
('APANAGE_台北敦化館', '時尚秋季特賣', '2024-08-10 12:00:00', '2024-08-15 21:00:00', '折扣促銷'),
('APIVITA_台北復興館', '中秋賞月購物節', '2024-08-20 10:00:00', '2024-08-25 20:00:00', '滿額折扣'),
('APIVITA_新竹店', '中秋賞月購物節', '2024-08-20 10:00:00', '2024-08-25 20:00:00', '滿額折扣'),
('B&W_台北復興館', '百貨慶中秋', '2024-09-01 9:00:00', '2024-09-07 22:00:00', '贈品優惠'),
('B&W_台北忠孝館', '百貨慶中秋', '2024-09-01 9:00:00', '2024-09-07 22:00:00', '贈品優惠'),
('b.club_新竹店', '時尚瘋狂週', '2024-09-10 11:00:00', '2024-09-15 19:00:00', '現金折扣'),
('b.tempt''d_新竹店', '秋季時尚特惠', '2024-09-20 10:30:00', '2024-09-25 21:30:00', '滿額折扣'),
('B.V.D_台北忠孝館', '購物狂歡', '2024-10-01 10:00:00', '2024-10-07 20:00:00', '全館特價'),
('BAC CAKE&SWEETS_台北忠孝館', '感恩節購物季', '2024-10-10 9:30:00', '2024-10-15 19:30:00', '限時特價'),
('Baccarat_台北忠孝館', '美妝聖誕盛典', '2024-10-20 11:00:00', '2024-10-25 21:00:00', '折扣促銷'),
('Baccarat_天母店', '美妝聖誕盛典', '2024-10-20 11:00:00', '2024-10-25 21:00:00', '折扣促銷'),
('Baccarat_台北敦化館', '美妝聖誕盛典', '2024-10-20 11:00:00', '2024-10-25 21:00:00', '折扣促銷'),
('BAGMANIA_台北復興館', '冬日暖心慶典', '2024-11-01 10:00:00', '2024-11-07 22:00:00', '現金回饋'),
('Baker Street貝克街_台北忠孝館', '聖誕瘋狂特賣', '2024-11-10 9:30:00', '2024-11-15 19:30:00', '特價促銷'),
('BALENCIAGA_台北復興館', '時尚年終週', '2024-11-20 12:00:00', '2024-11-25 21:00:00', '滿額送禮'),
('BALLY_台北忠孝館', '新年倒數派對', '2024-12-31 20:00:00', '2025-01-01 2:00:00', '現場抽獎'),
('BALMUDA_台北復興館', '新年大折扣', '2025-01-02 10:00:00', '2025-01-07 18:00:00', '折扣促銷'),
('BAO BAO ISSEY MIYAKE_台北復興館', '時尚新春特賣', '2025-01-10 9:30:00', '2025-01-15 19:30:00', '滿額折扣'),
('BARONECE_天母店', '春季時尚週', '2025-01-20 11:00:00', '2025-01-25 21:00:00', '限時特價'),
('BBL_台北忠孝館', '百貨春日嘉年華', '2025-02-01 10:00:00', '2025-02-07 22:00:00', '贈品優惠'),
('BBL Premium_天母店', '情人節購物節', '2025-02-10 9:00:00', '2025-02-15 20:00:00', '特價促銷'),
('BBL Premium_新竹店', '情人節購物節', '2025-02-10 9:00:00', '2025-02-15 20:00:00', '特價促銷'),
('beard papa_台北復興館', '時尚品牌周', '2025-02-20 12:00:00', '2025-02-25 21:00:00', '全館特價'),
('beard papa_中壢店', '時尚品牌周', '2025-02-20 12:00:00', '2025-02-25 21:00:00', '全館特價'),
('beard papa_天母店', '時尚品牌周', '2025-02-20 12:00:00', '2025-02-25 21:00:00', '全館特價'),
('Beauty Gallery_台北復興館', '大型折扣嘉年華', '2025-03-01 10:30:00', '2025-03-07 20:30:00', '現金回饋'),
('Beauty Gallery_中壢店', '大型折扣嘉年華', '2025-03-01 10:30:00', '2025-03-07 20:30:00', '現金回饋'),
('Been Teen_台北忠孝館', '春日特惠活動', '2025-03-10 9:00:00', '2025-03-15 18:00:00', '限時特價'),
('Been Teen_天母店', '春日特惠活動', '2025-03-10 9:00:00', '2025-03-15 18:00:00', '限時特價'),
('Been Teen_中壢店', '春日特惠活動', '2025-03-10 9:00:00', '2025-03-15 18:00:00', '限時特價'),
('Been Teen_新竹店', '春日特惠活動', '2025-03-10 9:00:00', '2025-03-15 18:00:00', '限時特價'),
('台隆手創館_廣三門市', '春日特惠活動', '2025-03-10 9:00:00', '2025-03-15 18:00:00', '限時特價'),
('康是美_廣三門市', '時尚春季慶典', '2025-03-20 10:00:00', '2025-03-25 20:00:00', '折扣促銷'),
('0918_新竹店', '復活節購物季', '2025-04-01 9:30:00', '2025-04-07 19:30:00', '滿額送禮'),
('0918_中壢店', '復活節購物季', '2025-04-01 9:30:00', '2025-04-07 19:30:00', '滿額送禮'),
('0918_台北忠孝館', '復活節購物季', '2025-04-01 9:30:00', '2025-04-07 19:30:00', '滿額送禮'),
('0918_天母店', '復活節購物季', '2025-04-01 9:30:00', '2025-04-07 19:30:00', '滿額送禮'),
('0918_高雄店', '復活節購物季', '2025-04-01 9:30:00', '2025-04-07 19:30:00', '滿額送禮'),
('10 mois_台北忠孝館', '春日美妝特賣', '2025-04-10 11:00:00', '2025-04-15 19:00:00', '現金折扣'),
('10/10 HOPE_新竹店', '時尚夏日特賞', '2025-04-20 10:30:00', '2025-04-25 21:30:00', '滿額折扣'),
('10/10 HOPE_台北復興館', '時尚夏日特賞', '2025-04-20 10:30:00', '2025-04-25 21:30:00', '滿額折扣'),
('10Days睡眠科技_台北忠孝館', '五一勞動節慶典', '2025-05-01 10:00:00', '2025-05-07 20:00:00', '全館特價'),
('10Days睡眠科技_中壢店', '五一勞動節慶典', '2025-05-01 10:00:00', '2025-05-07 20:00:00', '全館特價'),
('111SKIN_台北復興館', '美食盛會', '2025-05-10 9:30:00', '2025-05-15 19:30:00', '限時特價'),
('1929家居生活館_高雄店', '時尚春夏嘉年華', '2025-05-20 11:00:00', '2025-05-25 21:00:00', '折扣促銷'),
('22 OCTOBRE_台北忠孝館', '端午節購物節', '2025-06-01 10:00:00', '2025-06-07 22:00:00', '贈品優惠'),
('23區_台北忠孝館', '夏日狂歡特賣', '2025-06-10 9:30:00', '2025-06-15 19:30:00', '特價促銷'),
('23區_新竹店', '夏日狂歡特賣', '2025-06-10 9:30:00', '2025-06-15 19:30:00', '特價促銷'),
('3M_新竹店', '時尚大型週末', '2025-06-20 12:00:00', '2025-06-25 21:00:00', '全館特價'),
('45rpm_台北忠孝館', '年中慶典', '2025-07-01 10:00:00', '2025-07-07 22:00:00', '現金回饋'),
('a la sha_台北復興館', '夏日清涼特惠', '2025-07-10 9:00:00', '2025-07-15 20:00:00', '特價促銷'),
('a la sha_中壢店', '夏日清涼特惠', '2025-07-10 9:00:00', '2025-07-15 20:00:00', '特價促銷'),
('a la sha_新竹店', '夏日清涼特惠', '2025-07-10 9:00:00', '2025-07-15 20:00:00', '特價促銷'),
('a.testoni_台北敦化館', '美妝時尚周', '2025-07-20 11:00:00', '2025-07-25 21:00:00', '滿額送禮'),
('ABC Cooking Studio_台北敦化館', '家居暑期嘉年華', '2025-08-01 9:30:00', '2025-08-07 19:30:00', '限時特價'),
('ACCA KAPPA_台北忠孝館', '時尚秋季特賣', '2025-08-10 12:00:00', '2025-08-15 21:00:00', '折扣促銷'),
('adabat_台北忠孝館', '中秋賞月購物節', '2025-08-20 10:00:00', '2025-08-25 20:00:00', '滿額折扣'),
('Aderans愛德蘭絲_新竹店', '百貨慶中秋', '2025-09-01 9:00:00', '2025-09-07 22:00:00', '贈品優惠'),
('adidas_台北忠孝館', '時尚瘋狂週', '2025-09-10 11:00:00', '2025-09-15 19:00:00', '現金折扣'),
('adidas_台北復興館', '時尚瘋狂週', '2025-09-10 11:00:00', '2025-09-15 19:00:00', '現金折扣'),
('adidas_中壢店', '時尚瘋狂週', '2025-09-10 11:00:00', '2025-09-15 19:00:00', '現金折扣'),
('adidas_高雄店', '時尚瘋狂週', '2025-09-10 11:00:00', '2025-09-15 19:00:00', '現金折扣'),
('adidas_天母店', '時尚瘋狂週', '2025-09-10 11:00:00', '2025-09-15 19:00:00', '現金折扣'),
('ADIDAS GOLF_台北忠孝館', '秋季時尚特惠', '2025-09-20 10:30:00', '2025-09-25 21:30:00', '滿額折'),
('adidas kids_台北忠孝館', '國慶購物狂歡', '2025-10-01 10:00:00', '2025-10-07 20:00:00', '全館特價'),
('adidas kids_天母店', '國慶購物狂歡', '2025-10-01 10:00:00', '2025-10-07 20:00:00', '全館特價'),
('adidas kids_中壢店', '國慶購物狂歡', '2025-10-01 10:00:00', '2025-10-07 20:00:00', '全館特價'),
('adidas kids_新竹店', '國慶購物狂歡', '2025-10-01 10:00:00', '2025-10-07 20:00:00', '全館特價'),
('adidas Originals_天母店', '感恩節購物季', '2025-10-10 9:30:00', '2025-10-15 19:30:00', '限時特價'),
('adidas Originals_中壢店', '感恩節購物季', '2025-10-10 9:30:00', '2025-10-15 19:30:00', '限時特價'),
('adidas Originals_高雄店', '感恩節購物季', '2025-10-10 9:30:00', '2025-10-15 19:30:00', '限時特價'),
('Aesop_天母店', '美妝聖誕盛典', '2025-10-20 11:00:00', '2025-10-25 21:00:00', '折扣促銷'),
('Aesop_新竹店', '美妝聖誕盛典', '2025-10-20 11:00:00', '2025-10-25 21:00:00', '折扣促銷'),
('agapebaby_高雄店', '冬日暖心慶典', '2025-11-01 10:00:00', '2025-11-07 22:00:00', '現金回饋'),
('agete_台北忠孝館', '聖誕瘋狂特賣', '2025-11-10 9:30:00', '2025-11-15 19:30:00', '特價促銷'),
('agnes b._新竹店', '時尚年終週', '2025-11-20 12:00:00', '2025-11-25 21:00:00', '滿額送禮'),
('agnès b._中壢店', '新年倒數派對', '2025-12-31 20:00:00', '2026-01-01 2:00:00', '現場抽獎'),
('agnès b._台北復興館', '新年倒數派對', '2025-12-31 20:00:00', '2026-01-01 2:00:00', '現場抽獎'),
('agnès b._天母店', '新年倒數派對', '2025-12-31 20:00:00', '2026-01-01 2:00:00', '現場抽獎'),
('AIGLE_天母店', '新年大折扣', '2026-01-02 10:00:00', '2026-01-07 18:00:00', '折扣促銷'),
('AiLi_中壢店', '時尚新春特賣', '2026-01-10 9:30:00', '2026-01-15 19:30:00', '滿額折扣'),
('AiLi_新竹店', '時尚新春特賣', '2026-01-10 9:30:00', '2026-01-15 19:30:00', '滿額折扣'),
('aimerfeel_中壢店', '春季時尚週', '2026-01-20 11:00:00', '2026-01-25 21:00:00', '限時特價'),
('aimerfeel_台北忠孝館', '春季時尚週', '2026-01-20 11:00:00', '2026-01-25 21:00:00', '限時特價'),
('Airfree_天母店', '百貨春日嘉年華', '2026-02-01 10:00:00', '2026-02-07 22:00:00', '贈品優惠'),
('Airfree_高雄店', '百貨春日嘉年華', '2026-02-01 10:00:00', '2026-02-07 22:00:00', '贈品優惠'),
('airweave_台北忠孝館', '情人節購物節', '2026-02-10 9:00:00', '2026-02-15 20:00:00', '特價促銷'),
('ALBION_台北忠孝館', '時尚品牌周', '2026-02-20 12:00:00', '2026-02-25 21:00:00', '全館特價'),
('ALBION_中壢店', '時尚品牌周', '2026-02-20 12:00:00', '2026-02-25 21:00:00', '全館特價'),
('aldomartins_台北敦化館', '大型折扣嘉年華', '2026-03-01 10:30:00', '2026-03-07 20:30:00', '現金回饋'),
('Alice & Olivia_台北復興館', '春日特惠活動', '2026-03-10 9:00:00', '2026-03-15 18:00:00', '限時特價'),
('ALLSAINTS_台北復興館', '時尚春季慶典', '2026-03-20 10:00:00', '2026-03-25 20:00:00', '折扣促銷'),
('ALLSAINTS_新竹店', '時尚春季慶典', '2026-03-20 10:00:00', '2026-03-25 20:00:00', '折扣促銷'),
('AMEN_台北敦化館', '復活節購物季', '2026-04-01 9:30:00', '2026-04-07 19:30:00', '限時特價'),
('Amina Rubinacci_台北敦化館', '春日美妝特賣', '2026-04-10 11:00:00', '2026-04-15 19:00:00', '現金折扣'),
('Anita Su_新竹店', '時尚夏日特賞', '2026-04-20 10:30:00', '2026-04-25 21:30:00', '滿額折扣'),
('ANNE DE SOLENE 安妮莎琳_台北忠孝館', '五一勞動節慶典', '2026-05-01 10:00:00', '2026-05-07 20:00:00', '全館特價'),
('ANPANMAN SHOWCASE_新竹店', '美食盛會', '2026-05-10 9:30:00', '2026-05-15 19:30:00', '限時特價'),
('ANYSIS_台北忠孝館', '時尚春夏嘉年華', '2026-05-20 11:00:00', '2026-05-25 21:00:00', '折扣促銷'),
('APANAGE_台北敦化館', '端午節購物節', '2026-06-01 10:00:00', '2026-06-07 22:00:00', '贈品優惠'),
('APIVITA_台北復興館', '夏日狂歡特賣', '2026-06-10 9:30:00', '2026-06-15 19:30:00', '特價促銷'),
('APIVITA_新竹店', '夏日狂歡特賣', '2026-06-10 9:30:00', '2026-06-15 19:30:00', '特價促銷'),
('B&W_台北復興館', '時尚大型週末', '2026-06-20 12:00:00', '2026-06-25 21:00:00', '全館特價'),
('B&W_台北忠孝館', '時尚大型週末', '2026-06-20 12:00:00', '2026-06-25 21:00:00', '全館特價'),
('b.club_新竹店', '年中慶典', '2026-07-01 10:00:00', '2026-07-07 22:00:00', '現金回饋'),
('b.tempt''d_新竹店', '夏日清涼特惠', '2026-07-10 9:00:00', '2026-07-15 20:00:00', '特價促銷'),
('B.V.D_台北忠孝館', '美妝時尚周', '2026-07-20 11:00:00', '2026-07-25 21:00:00', '滿額送禮'),
('BAC CAKE&SWEETS_台北忠孝館', '家居暑期嘉年華', '2026-08-01 9:30:00', '2026-08-07 19:30:00', '限時特價'),
('Baccarat_台北忠孝館', '時尚秋季特賣', '2026-08-10 12:00:00', '2026-08-15 21:00:00', '折扣促銷'),
('Baccarat_天母店', '時尚秋季特賣', '2026-08-10 12:00:00', '2026-08-15 21:00:00', '折扣促銷'),
('Baccarat_台北敦化館', '時尚秋季特賣', '2026-08-10 12:00:00', '2026-08-15 21:00:00', '折扣促銷'),
('BAGMANIA_台北復興館', '中秋賞月購物節', '2026-08-20 10:00:00', '2026-08-25 20:00:00', '滿額折扣'),
('Baker Street貝克街_台北忠孝館', '百貨慶中秋', '2026-09-01 9:00:00', '2026-09-07 22:00:00', '贈品優惠');


-- 插入 Mall_Employee 資料
INSERT INTO Mall_Employee (Name, Contact, Position, Shift_Time, Branch_Name) VALUES
('陳智偉', '0966-466166', '店長', '11:00-21:30', '台北忠孝館'),
('林怡如', '0912-345678', '兼職人員', '9:00-16:30', '台北忠孝館'),
('黃偉偉', '0978-987654', '副理', '9:00-16:30', '台北忠孝館'),
('吳建宏', '0987-123456', '經理', '9:00-16:30', '台北忠孝館'),
('蔡淑芬', '0922-876543', '兼職人員', '16:00-23:30', '台北忠孝館'),
('陳玉婷', '0915-567890', '經理', '16:00-23:30', '台北忠孝館'),
('楊建宇', '0933-234567', '正職人員', '9:00-16:30', '台北忠孝館'),
('王怡怡', '0988-432156', '兼職人員', '9:00-16:30', '台北忠孝館'),
('劉偉倫', '0960-678901', '正職人員', '16:00-23:30', '台北忠孝館'),
('林志偉', '0921-345678', '正職人員', '9:00-16:30', '台北忠孝館'),
('張靜怡', '0977-876543', '店長', '11:00-21:30', '台北復興館'),
('李偉倫', '0966-654321', '兼職人員', '16:00-23:30', '台北復興館'),
('陳怡如', '0912-789012', '經理', '9:00-16:30', '台北復興館'),
('林偉偉', '0987-210987', '正職人員', '16:00-23:30', '台北復興館'),
('黃雅芳', '0922-543210', '兼職人員', '9:00-16:30', '台北復興館'),
('吳明宏', '0915-876543', '正職人員', '9:00-16:30', '台北復興館'),
('蔡佩芬', '0966-098765', '兼職人員', '16:00-23:30', '台北復興館'),
('陳智傑', '0988-321098', '經理', '16:00-23:30', '台北復興館'),
('楊怡如', '0933-765432', '正職人員', '16:00-23:30', '台北復興館'),
('王偉倫', '0960-890123', '正職人員', '9:00-16:30', '台北復興館'),
('劉建宏', '0921-567890', '正職人員', '16:00-23:30', '台北復興館'),
('林淑芬', '0977-901234', '正職人員', '9:00-16:30', '台北復興館'),
('張玉婷', '0912-432109', '店長', '11:00-21:30', '台北敦化館'),
('李建宇', '0987-654321', '副理', '16:00-23:30', '台北敦化館'),
('陳怡萍', '0922-987654', '正職人員', '16:00-23:30', '台北敦化館'),
('林偉倫', '0966-210987', '正職人員', '9:00-16:30', '台北敦化館'),
('黃雅怡', '0915-543210', '副理', '9:00-16:30', '台北敦化館'),
('吳偉偉', '0988-876543', '正職人員', '16:00-23:30', '台北敦化館'),
('蔡怡如', '0933-109876', '正職人員', '9:00-16:30', '台北敦化館'),
('陳偉倫', '0960-432109', '兼職人員', '9:00-16:30', '台北敦化館'),
('楊智偉', '0921-765432', '店長', '11:00-21:30', '天母店'),
('王靜怡', '0977-098765', '經理', '9:00-16:30', '天母店'),
('林佩芬', '0987-765432', '正職人員', '16:00-23:30', '天母店'),
('張淑芬', '0922-890123', '正職人員', '9:00-16:30', '天母店'),
('李玉婷', '0966-567890', '經理', '16:00-23:30', '天母店'),
('陳建宇', '0915-901234', '兼職人員', '9:00-16:30', '天母店'),
('林欣怡', '0988-432109', '正職人員', '16:00-23:30', '天母店'),
('黃智偉', '0933-765432', '正職人員', '9:00-16:30', '天母店'),
('吳靜怡', '0960-210987', '正職人員', '16:00-23:30', '天母店'),
('蔡偉倫', '0921-543210', '正職人員', '9:00-16:30', '天母店'),
('陳怡萍', '0977-876543', '正職人員', '16:00-23:30', '天母店'),
('楊偉偉', '0912-109876', '正職人員', '9:00-16:30', '天母店'),
('王雅芳', '0987-432109', '正職人員', '16:00-23:30', '天母店'),
('劉明宏', '0922-765432', '兼職人員', '16:00-23:30', '天母店'),
('張偉倫', '0915-321098', '兼職人員', '16:00-23:30', '天母店'),
('李欣怡', '0988-765432', '正職人員', '9:00-16:30', '天母店'),
('陳智偉', '0933-890123', '正職人員', '16:00-23:30', '天母店'),
('林怡如', '0960-567890', '正職人員', '9:00-16:30', '天母店'),
('黃偉偉', '0921-901234', '兼職人員', '9:00-16:30', '天母店'),
('吳建宏', '0977-432109', '經理', '9:00-16:30', '天母店'),
('蔡淑芬', '0912-765432', '副理', '16:00-23:30', '天母店'),
('陳玉婷', '0987-098765', '兼職人員', '16:00-23:30', '天母店'),
('楊建宇', '0922-321098', '兼職人員', '9:00-16:30', '天母店'),
('王怡怡', '0966-765432', '正職人員', '16:00-23:30', '天母店'),
('劉偉倫', '0915-890123', '兼職人員', '16:00-23:30', '天母店'),
('林志偉', '0988-567890', '兼職人員', '9:00-16:30', '天母店'),
('張靜怡', '0933-901234', '兼職人員', '16:00-23:30', '天母店'),
('李偉倫', '0960-432109', '兼職人員', '9:00-16:30', '天母店'),
('陳怡如', '0921-765432', '經理', '16:00-23:30', '天母店'),
('林偉偉', '0977-098765', '店長', '11:00-21:30', '中壢店'),
('黃雅芳', '0912-321098', '副理', '9:00-16:30', '中壢店'),
('吳明宏', '0987-765432', '正職人員', '9:00-16:30', '中壢店'),
('蔡佩芬', '0922-109876', '正職人員', '16:00-23:30', '中壢店'),
('陳智傑', '0966-543210', '正職人員', '9:00-16:30', '中壢店'),
('楊怡如', '0915-876543', '兼職人員', '16:00-23:30', '中壢店'),
('王偉倫', '0988-210987', '正職人員', '16:00-23:30', '中壢店'),
('劉建宏', '0933-654321', '正職人員', '9:00-16:30', '中壢店'),
('林淑芬', '0960-987654', '兼職人員', '9:00-16:30', '中壢店'),
('張玉婷', '0921-432109', '正職人員', '16:00-23:30', '中壢店'),
('李建宇', '0977-765432', '經理', '9:00-16:30', '中壢店'),
('陳怡萍', '0912-890123', '經理', '16:00-23:30', '中壢店'),
('林偉倫', '0987-567890', '店長', '11:00-21:30', '新竹店'),
('黃雅怡', '0922-901234', '經理', '9:00-16:30', '新竹店'),
('吳偉偉', '0966-432109', '正職人員', '9:00-16:30', '新竹店'),
('蔡怡如', '0915-765432', '經理', '16:00-23:30', '新竹店'),
('陳偉倫', '0988-098765', '經理', '9:00-16:30', '新竹店'),
('楊智偉', '0933-321098', '正職人員', '16:00-23:30', '新竹店'),
('王靜怡', '0960-765432', '經理', '16:00-23:30', '新竹店'),
('劉偉倫', '0921-109876', '兼職人員', '16:00-23:30', '新竹店'),
('林佩芬', '0977-543210', '經理', '9:00-16:30', '新竹店'),
('張淑芬', '0912-876543', '副理', '16:00-23:30', '新竹店'),
('李玉婷', '0987-210987', '副理', '9:00-16:30', '新竹店'),
('陳建宇', '0922-654321', '正職人員', '9:00-16:30', '新竹店'),
('林欣怡', '0966-987654', '經理', '16:00-23:30', '新竹店'),
('黃智偉', '0915-876543', '正職人員', '16:00-23:30', '新竹店'),
('吳靜怡', '0988-432109', '店長', '11:00-21:30', '高雄店'),
('蔡偉倫', '0933-765432', '正職人員', '9:00-16:30', '高雄店'),
('陳怡萍', '0960-210987', '兼職人員', '9:00-16:30', '高雄店'),
('楊偉偉', '0921-543210', '經理', '9:00-16:30', '高雄店'),
('王雅芳', '0977-876543', '兼職人員', '16:00-23:30', '高雄店'),
('劉明宏', '0912-109876', '正職人員', '16:00-23:30', '高雄店'),
('林佩芬', '0987-432109', '經理', '16:00-23:30', '高雄店'),
('張偉倫', '0922-765432', '副理', '16:00-23:30', '高雄店'),
('李欣怡', '0966-098765', '經理', '9:00-16:30', '高雄店'),
('陳智偉', '0915-321098', '正職人員', '9:00-16:30', '高雄店'),
('林怡如', '0988-765432', '副理', '9:00-16:30', '高雄店'),
('陳妍嘉', '0933-890123', '正職人員', '16:00-23:30', '高雄店'),
('游辰睿', '0960-567890', '正職人員', '9:00-16:30', '高雄店'),
('孫嘉賓', '0921-901234', '正職人員', '16:00-23:30', '高雄店'),
('張詠萱', '0977-432109', '兼職人員', '9:00-16:30', '高雄店');

-- 插入 Shop_Employee 資料
INSERT INTO Shop_Employee (Name, Contact, Position, Shift_Time, Store_Name) VALUES
('陳家琪', '0932-425789', '店長', '11:00-21:30', '台隆手創館_廣三門市'),
('廖家映', '0923-746812', '庫房管理人員', '9:00-16:30', '台隆手創館_廣三門市'),
('嵇美梅', '0911-368524', '門市店員', '9:00-16:30', '台隆手創館_廣三門市'),
('魏明白', '0977-910634', '兼職人員', '9:00-16:30', '台隆手創館_廣三門市'),
('吳佩侑', '0988-253671', '庫房管理人員', '16:00-23:30', '台隆手創館_廣三門市'),
('林士昇', '0966-487512', '店長', '11:00-21:30', '康是美_廣三門市'),
('張育維', '0915-630418', '兼職人員', '16:00-23:30', '康是美_廣三門市'),
('陳淑季', '0933-729146', '庫房管理人員', '9:00-16:30', '康是美_廣三門市'),
('林曉雯', '0922-654703', '門市店員', '16:00-23:30', '康是美_廣三門市'),
('游枝琳', '0960-814329', '門市店員', '9:00-16:30', '康是美_廣三門市'),
('鄭璇啟', '0987-531472', '庫房管理人員', '16:00-23:30', '康是美_廣三門市'),
('張金鳳', '0971-902634', '兼職人員', '9:00-16:30', '康是美_廣三門市'),
('邱枝諭', '0932-715846', '庫房管理人員', '9:00-16:30', '康是美_廣三門市'),
('賴子男', '0923-364157', '店長', '11:00-21:30', '0918_新竹店'),
('駱宥瑜', '0911-647529', '庫房管理人員', '16:00-23:30', '0918_新竹店'),
('黃凱尹', '0977-183625', '兼職人員', '16:00-23:30', '0918_新竹店'),
('戴彥智', '0988-257346', '庫房管理人員', '9:00-16:30', '0918_新竹店'),
('龐苡邦', '0966-415972', '庫房管理人員', '16:00-23:30', '0918_新竹店'),
('梁佳琪', '0915-936247', '兼職人員', '9:00-16:30', '0918_新竹店'),
('顏儀夢', '0933-481765', '兼職人員', '16:00-23:30', '0918_新竹店'),
('許喜雨', '0922-296753', '店長', '11:00-21:30', '0918_中壢店'),
('白哲宇', '0960-837514', '門市店員', '16:00-23:30', '0918_中壢店'),
('劉俐珊', '0987-526413', '庫房管理人員', '9:00-16:30', '0918_中壢店'),
('張其軍', '0971-293647', '兼職人員', '9:00-16:30', '0918_中壢店'),
('陳敏惟', '0932-617845', '門市店員', '9:00-16:30', '0918_中壢店'),
('黃文茂', '0923-439576', '庫房管理人員', '16:00-23:30', '0918_中壢店'),
('張偉哲', '0911-752436', '店長', '11:00-21:30', '0918_台北忠孝館'),
('張志任', '0977-416395', '庫房管理人員', '9:00-16:30', '0918_台北忠孝館'),
('張淑貞', '0988-523764', '庫房管理人員', '16:00-23:30', '0918_台北忠孝館'),
('張淑婷', '0966-179453', '庫房管理人員', '9:00-16:30', '0918_台北忠孝館'),
('王兆慧', '0915-964732', '兼職人員', '16:00-23:30', '0918_台北忠孝館'),
('林靜瑜', '0933-745821', '庫房管理人員', '16:00-23:30', '0918_台北忠孝館'),
('林雅盛', '0922-538167', '門市店員', '16:00-23:30', '0918_台北忠孝館'),
('陳彥志', '0960-794213', '兼職人員', '9:00-16:30', '0918_台北忠孝館'),
('張文凱', '0987-361245', '庫房管理人員', '9:00-16:30', '0918_台北忠孝館'),
('林宏偉', '0971-827534', '店長', '11:00-21:30', '0918_天母店'),
('黃鈺婷', '0932-941657', '門市店員', '9:00-16:30', '0918_天母店'),
('林哲嘉', '0923-253746', '兼職人員', '16:00-23:30', '0918_天母店'),
('李美娟', '0911-674235', '兼職人員', '9:00-16:30', '0918_天母店'),
('謝怡君', '0977-318564', '庫房管理人員', '16:00-23:30', '0918_天母店'),
('黃美茵', '0988-456273', '庫房管理人員', '9:00-16:30', '0918_天母店'),
('沈以伸', '0966-937421', '門市店員', '16:00-23:30', '0918_天母店'),
('陳志維', '0915-825364', '門市店員', '9:00-16:30', '0918_天母店'),
('黃夙毓', '0933-267451', '店長', '11:00-21:30', '0918_高雄店'),
('李協瑩', '0922-593417', '庫房管理人員', '16:00-23:30', '0918_高雄店'),
('吳俊明', '0960-726345', '門市店員', '16:00-23:30', '0918_高雄店'),
('何馨儀', '0987-153426', '庫房管理人員', '9:00-16:30', '0918_高雄店'),
('施子卉', '0971-462573', '兼職人員', '16:00-23:30', '0918_高雄店'),
('林天恒', '0932-385764', '庫房管理人員', '16:00-23:30', '0918_高雄店'),
('林淑惠', '0923-519246', '兼職人員', '9:00-16:30', '0918_高雄店'),
('袁旭谷', '0911-742635', '庫房管理人員', '9:00-16:30', '0918_高雄店'),
('李姿星', '0977-651243', '門市店員', '9:00-16:30', '0918_高雄店'),
('賴俊彬', '0988-972536', '兼職人員', '16:00-23:30', '0918_高雄店'),
('陳柏鈞', '0966-814325', '庫房管理人員', '16:00-23:30', '0918_高雄店'),
('支曜宇', '0915-263497', '店長', '11:00-21:30', '10 mois_台北忠孝館'),
('劉恭念', '0933-179524', '庫房管理人員', '9:00-16:30', '10 mois_台北忠孝館'),
('謝威清', '0922-425736', '門市店員', '16:00-23:30', '10 mois_台北忠孝館'),
('王心怡', '0960-673452', '庫房管理人員', '16:00-23:30', '10 mois_台北忠孝館'),
('許廷筠', '0987-395426', '兼職人員', '9:00-16:30', '10 mois_台北忠孝館'),
('蕭聿念', '0971-824536', '庫房管理人員', '9:00-16:30', '10 mois_台北忠孝館'),
('張雅文', '0932-536147', '庫房管理人員', '16:00-23:30', '10 mois_台北忠孝館'),
('莊惠昀', '0923-327456', '兼職人員', '16:00-23:30', '10 mois_台北忠孝館'),
('王麗利', '0911-645237', '店長', '11:00-21:30', '10/10 HOPE_新竹店'),
('楊瑋靖', '0977-923756', '庫房管理人員', '9:00-16:30', '10/10 HOPE_新竹店'),
('葉冠勳', '0988-742365', '兼職人員', '9:00-16:30', '10/10 HOPE_新竹店'),
('吳科愛', '0966-536724', '門市店員', '9:00-16:30', '10/10 HOPE_新竹店'),
('周之康', '0915-427536', '門市店員', '16:00-23:30', '10/10 HOPE_新竹店'),
('郭樂任', '0933-675142', '店長', '11:00-21:30', '10/10 HOPE_台北復興館'),
('倪淑娟', '0922-384657', '兼職人員', '16:00-23:30', '10/10 HOPE_台北復興館'),
('劉純天', '0960-541237', '門市店員', '9:00-16:30', '10/10 HOPE_台北復興館'),
('顏竣鑫', '0987-726435', '庫房管理人員', '16:00-23:30', '10/10 HOPE_台北復興館'),
('蘇欣瑜', '0971-935267', '兼職人員', '9:00-16:30', '10/10 HOPE_台北復興館'),
('謝瑜恬', '0932-214756', '庫房管理人員', '9:00-16:30', '10/10 HOPE_台北復興館'),
('毛展凱', '0923-367524', '兼職人員', '16:00-23:30', '10/10 HOPE_台北復興館'),
('張宗穎', '0911-758463', '門市店員', '16:00-23:30', '10/10 HOPE_台北復興館'),
('周志孜', '0977-124365', '庫房管理人員', '16:00-23:30', '10/10 HOPE_台北復興館'),
('曾信宏', '0988-736452', '店長', '11:00-21:30', '10Days睡眠科技_台北忠孝館'),
('許惠娟', '0966-529374', '庫房管理人員', '9:00-16:30', '10Days睡眠科技_台北忠孝館'),
('錢嘉豪', '0915-476325', '門市店員', '9:00-16:30', '10Days睡眠科技_台北忠孝館'),
('陳呈航', '0933-625147', '庫房管理人員', '16:00-23:30', '10Days睡眠科技_台北忠孝館'),
('陳惠玲', '0922-473568', '門市店員', '16:00-23:30', '10Days睡眠科技_台北忠孝館'),
('孟怡昆', '0960-365214', '門市店員', '9:00-16:30', '10Days睡眠科技_台北忠孝館'),
('林祖亦', '0987-915247', '店長', '11:00-21:30', '10Days睡眠科技_中壢店'),
('張惠昇', '0971-345726', '門市店員', '16:00-23:30', '10Days睡眠科技_中壢店'),
('林台良', '0932-654371', '門市店員', '9:00-16:30', '10Days睡眠科技_中壢店'),
('曹容筠', '0923-927546', '庫房管理人員', '9:00-16:30', '10Days睡眠科技_中壢店'),
('張雅玲', '0911-832456', '門市店員', '16:00-23:30', '10Days睡眠科技_中壢店'),
('馮幸瑤', '0977-526431', '庫房管理人員', '16:00-23:30', '10Days睡眠科技_中壢店'),
('李俊良', '0988-364257', '庫房管理人員', '9:00-16:30', '10Days睡眠科技_中壢店'),
('蔡宗伸', '0966-743215', '庫房管理人員', '16:00-23:30', '10Days睡眠科技_中壢店'),
('倪秀珍', '0915-924736', '店長', '11:00-21:30', '111SKIN_台北復興館'),
('陳儀昇', '0933-643571', '兼職人員', '9:00-16:30', '111SKIN_台北復興館'),
('蔡建宏', '0922-752634', '庫房管理人員', '9:00-16:30', '111SKIN_台北復興館'),
('曹維哲', '0960-216457', '門市店員', '9:00-16:30', '111SKIN_台北復興館'),
('徐希伸', '0987-637541', '門市店員', '16:00-23:30', '111SKIN_台北復興館'),
('郭靜雯', '0971-459726', '庫房管理人員', '16:00-23:30', '111SKIN_台北復興館'),
('貢羽盈', '0932-476521', '門市店員', '9:00-16:30', '111SKIN_台北復興館'),
('黃文紹', '0923-715364', '店長', '11:00-21:30', '1929家居生活館_高雄店'),
('鄧志宏', '0911-263475', '兼職人員', '16:00-23:30', '1929家居生活館_高雄店'),
('劉漢茂', '0977-546321', '庫房管理人員', '9:00-16:30', '1929家居生活館_高雄店'),
('楊竣泉', '0988-371452', '庫房管理人員', '16:00-23:30', '1929家居生活館_高雄店'),
('陳昆霖', '0966-125437', '門市店員', '16:00-23:30', '1929家居生活館_高雄店'),
('潘素霖', '0915-937246', '庫房管理人員', '9:00-16:30', '1929家居生活館_高雄店'),
('潘兆惠', '0933-463751', '兼職人員', '9:00-16:30', '1929家居生活館_高雄店'),
('郭法茜', '0922-943165', '兼職人員', '16:00-23:30', '1929家居生活館_高雄店'),
('林詩彬', '0960-317542', '門市店員', '9:00-16:30', '1929家居生活館_高雄店'),
('謝佩雯', '0987-652413', '店長', '11:00-21:30', '22 OCTOBRE_台北忠孝館'),
('張育雨', '0971-973625', '兼職人員', '9:00-16:30', '22 OCTOBRE_台北忠孝館'),
('黃辛月', '0932-637451', '兼職人員', '16:00-23:30', '22 OCTOBRE_台北忠孝館'),
('陳孟原', '0923-541726', '門市店員', '16:00-23:30', '22 OCTOBRE_台北忠孝館'),
('危俊宏', '0911-739526', '庫房管理人員', '16:00-23:30', '22 OCTOBRE_台北忠孝館'),
('蔡俊廷', '0977-251637', '庫房管理人員', '9:00-16:30', '22 OCTOBRE_台北忠孝館'),
('陳彥文', '0988-476351', '庫房管理人員', '16:00-23:30', '22 OCTOBRE_台北忠孝館'),
('林宜全', '0966-635421', '店長', '11:00-21:30', '23區_台北忠孝館'),
('黃喜忠', '0915-452367', '門市店員', '9:00-16:30', '23區_台北忠孝館'),
('林昭甫', '0933-176245', '門市店員', '16:00-23:30', '23區_台北忠孝館'),
('黃重泉', '0922-769531', '門市店員', '9:00-16:30', '23區_台北忠孝館'),
('蘇忠翰', '0960-526413', '兼職人員', '9:00-16:30', '23區_台北忠孝館'),
('阮竣恒', '0987-361542', '店長', '11:00-21:30', '23區_新竹店'),
('梁威彥', '0971-932657', '門市店員', '16:00-23:30', '23區_新竹店'),
('李思鑫', '0932-241756', '庫房管理人員', '9:00-16:30', '23區_新竹店'),
('李孟哲', '0923-573164', '門市店員', '9:00-16:30', '23區_新竹店'),
('蔡鳳憲', '0911-426357', '庫房管理人員', '16:00-23:30', '23區_新竹店'),
('陳典均', '0977-634125', '門市店員', '16:00-23:30', '23區_新竹店'),
('黃欣怡', '0988-915427', '兼職人員', '16:00-23:30', '23區_新竹店'),
('林貞強', '0966-347251', '門市店員', '9:00-16:30', '23區_新竹店'),
('洪素凱', '0915-872436', '店長', '11:00-21:30', '3M_新竹店'),
('鄧惠勳', '0933-526471', '門市店員', '16:00-23:30', '3M_新竹店'),
('廖婉恬', '0922-317465', '門市店員', '9:00-16:30', '3M_新竹店'),
('徐凱婷', '0960-452137', '門市店員', '16:00-23:30', '3M_新竹店'),
('黃國安', '0987-967341', '庫房管理人員', '9:00-16:30', '3M_新竹店'),
('吳秀娟', '0971-725364', '門市店員', '9:00-16:30', '3M_新竹店'),
('黃雨憲', '0932-356471', '門市店員', '16:00-23:30', '3M_新竹店'),
('陳海士', '0923-647512', '庫房管理人員', '16:00-23:30', '3M_新竹店'),
('李志忠', '0911-917246', '庫房管理人員', '9:00-16:30', '3M_新竹店'),
('林柏成', '0977-526143', '門市店員', '9:00-16:30', '3M_新竹店'),
('陳群依', '0988-374526', '庫房管理人員', '16:00-23:30', '3M_新竹店'),
('黃國娥', '0966-625143', '店長', '11:00-21:30', '45rpm_台北忠孝館'),
('劉榮恭', '0915-462739', '門市店員', '16:00-23:30', '45rpm_台北忠孝館'),
('呂鴻軍', '0933-927541', '庫房管理人員', '9:00-16:30', '45rpm_台北忠孝館'),
('張玉州', '0922-746351', '庫房管理人員', '16:00-23:30', '45rpm_台北忠孝館'),
('尤國維', '0960-513247', '門市店員', '9:00-16:30', '45rpm_台北忠孝館'),
('林季明', '0987-742536', '門市店員', '16:00-23:30', '45rpm_台北忠孝館'),
('徐奇火', '0971-539247', '庫房管理人員', '9:00-16:30', '45rpm_台北忠孝館'),
('黃侑昌', '0932-847516', '門市店員', '9:00-16:30', '45rpm_台北忠孝館'),
('劉盈勳', '0923-915647', '店長', '11:00-21:30', 'a la sha_台北復興館'),
('廖永珊', '0911-673425', '兼職人員', '9:00-16:30', 'a la sha_台北復興館'),
('張雅君', '0977-236541', '庫房管理人員', '16:00-23:30', 'a la sha_台北復興館'),
('郭益博', '0988-149327', '庫房管理人員', '9:00-16:30', 'a la sha_台北復興館'),
('王火茜', '0966-725431', '兼職人員', '16:00-23:30', 'a la sha_台北復興館'),
('徐瑋婷', '0915-439267', '庫房管理人員', '16:00-23:30', 'a la sha_台北復興館'),
('黃建宏', '0933-652741', '店長', '11:00-21:30', 'a la sha_中壢店'),
('許家羽', '0922-372546', '兼職人員', '9:00-16:30', 'a la sha_中壢店'),
('陳朝燦', '0960-914253', '庫房管理人員', '9:00-16:30', 'a la sha_中壢店'),
('陳惠娟', '0987-327546', '門市店員', '16:00-23:30', 'a la sha_中壢店'),
('李易恩', '0971-546732', '門市店員', '9:00-16:30', 'a la sha_中壢店'),
('葉世斌', '0932-613475', '庫房管理人員', '16:00-23:30', 'a la sha_中壢店'),
('錢雅玲', '0923-427165', '兼職人員', '16:00-23:30', 'a la sha_中壢店'),
('羅美惠', '0911-715423', '庫房管理人員', '9:00-16:30', 'a la sha_中壢店'),
('陳芷文', '0977-912543', '門市店員', '16:00-23:30', 'a la sha_中壢店'),
('林玉卿', '0988-273456', '店長', '11:00-21:30', 'a la sha_新竹店'),
('孫美惠', '0966-413527', '庫房管理人員', '16:00-23:30', 'a la sha_新竹店'),
('吳貴婷', '0915-326479', '庫房管理人員', '9:00-16:30', 'a la sha_新竹店'),
('許原貞', '0933-491257', '庫房管理人員', '16:00-23:30', 'a la sha_新竹店'),
('賴彥安', '0922-752634', '庫房管理人員', '9:00-16:30', 'a la sha_新竹店'),
('黃建宏', '0960-327145', '兼職人員', '9:00-16:30', 'a la sha_新竹店'),
('唐雅玲', '0987-625341', '門市店員', '9:00-16:30', 'a la sha_新竹店'),
('謝佳樺', '0971-932457', '庫房管理人員', '16:00-23:30', 'a la sha_新竹店'),
('李秀美', '0932-426571', '門市店員', '16:00-23:30', 'a la sha_新竹店'),
('郭宜潔', '0923-719264', '門市店員', '9:00-16:30', 'a la sha_新竹店'),
('林白學', '0911-524673', '兼職人員', '16:00-23:30', 'a la sha_新竹店'),
('蔡政民', '0977-613452', '店長', '11:00-21:30', 'a.testoni_台北敦化館'),
('邱怡潔', '0988-435267', '門市店員', '16:00-23:30', 'a.testoni_台北敦化館'),
('陳志文', '0966-927541', '庫房管理人員', '9:00-16:30', 'a.testoni_台北敦化館'),
('林韋成', '0915-743926', '庫房管理人員', '16:00-23:30', 'a.testoni_台北敦化館'),
('葉樂柏', '0933-356721', '庫房管理人員', '9:00-16:30', 'a.testoni_台北敦化館'),
('溫石洋', '0922-974635', '門市店員', '9:00-16:30', 'a.testoni_台北敦化館'),
('黃玄航', '0960-562317', '兼職人員', '9:00-16:30', 'a.testoni_台北敦化館'),
('黃雅婷', '0987-734625', '庫房管理人員', '16:00-23:30', 'a.testoni_台北敦化館'),
('蘇靜怡', '0971-945236', '店長', '11:00-21:30', 'ABC Cooking Studio_台北敦化館'),
('李柏群', '0932-527461', '庫房管理人員', '9:00-16:30', 'ABC Cooking Studio_台北敦化館'),
('陳惠洋', '0923-431756', '門市店員', '16:00-23:30', 'ABC Cooking Studio_台北敦化館'),
('吳盈君', '0911-976342', '門市店員', '9:00-16:30', 'ABC Cooking Studio_台北敦化館'),
('許育發', '0977-645231', '庫房管理人員', '16:00-23:30', 'ABC Cooking Studio_台北敦化館'),
('柳季杰', '0988-927345', '門市店員', '16:00-23:30', 'ABC Cooking Studio_台北敦化館'),
('高漢睿', '0966-317542', '庫房管理人員', '9:00-16:30', 'ABC Cooking Studio_台北敦化館'),
('黃俊霞', '0915-762439', '店長', '11:00-21:30', 'ACCA KAPPA_台北忠孝館'),
('陳靜舜', '0933-532147', '庫房管理人員', '16:00-23:30', 'ACCA KAPPA_台北忠孝館'),
('劉美生', '0922-471536', '庫房管理人員', '9:00-16:30', 'ACCA KAPPA_台北忠孝館'),
('王欣怡', '0960-394721', '門市店員', '9:00-16:30', 'ACCA KAPPA_台北忠孝館'),
('陳昱書', '0987-625314', '庫房管理人員', '16:00-23:30', 'ACCA KAPPA_台北忠孝館'),
('陳淑芬', '0971-437526', '門市店員', '16:00-23:30', 'ACCA KAPPA_台北忠孝館'),
('李姿恩', '0932-647351', '庫房管理人員', '9:00-16:30', 'ACCA KAPPA_台北忠孝館'),
('王峻豪', '0923-254671', '店長', '11:00-21:30', 'adabat_台北忠孝館'),
('王瑋婷', '0911-763524', '庫房管理人員', '16:00-23:30', 'adabat_台北忠孝館'),
('王柏英', '0977-291546', '庫房管理人員', '9:00-16:30', 'adabat_台北忠孝館'),
('王宏月', '0988-537462', '庫房管理人員', '16:00-23:30', 'adabat_台北忠孝館'),
('高志傑', '0966-726543', '門市店員', '9:00-16:30', 'adabat_台北忠孝館'),
('許佩璇', '0915-932476', '門市店員', '16:00-23:30', 'adabat_台北忠孝館'),
('吳俊梅', '0933-745621', '庫房管理人員', '9:00-16:30', 'adabat_台北忠孝館'),
('蕭伊淑', '0922-356741', '庫房管理人員', '16:00-23:30', 'adabat_台北忠孝館'),
('李育珮', '0960-617435', '兼職人員', '16:00-23:30', 'adabat_台北忠孝館'),
('吳孝桓', '0987-123546', '門市店員', '9:00-16:30', 'adabat_台北忠孝館'),
('李學洋', '0971-952463', '兼職人員', '9:00-16:30', 'adabat_台北忠孝館'),
('林予興', '0932-567431', '店長', '11:00-21:30', 'Aderans愛德蘭絲_新竹店'),
('劉怡萱', '0923-274516', '門市店員', '16:00-23:30', 'Aderans愛德蘭絲_新竹店'),
('楊志揚', '0911-763245', '庫房管理人員', '9:00-16:30', 'Aderans愛德蘭絲_新竹店'),
('謝雯元', '0977-391542', '庫房管理人員', '16:00-23:30', 'Aderans愛德蘭絲_新竹店'),
('楊雅玲', '0988-627345', '庫房管理人員', '9:00-16:30', 'Aderans愛德蘭絲_新竹店'),
('賴明儒', '0966-317452', '門市店員', '9:00-16:30', 'Aderans愛德蘭絲_新竹店'),
('時淑媛', '0915-426379', '兼職人員', '16:00-23:30', 'Aderans愛德蘭絲_新竹店'),
('蔡承茵', '0933-572641', '庫房管理人員', '16:00-23:30', 'Aderans愛德蘭絲_新竹店'),
('馮秋臻', '0922-943516', '兼職人員', '9:00-16:30', 'Aderans愛德蘭絲_新竹店'),
('貝志成', '0960-357421', '庫房管理人員', '9:00-16:30', 'Aderans愛德蘭絲_新竹店'),
('魏建成', '0987-651324', '店長', '11:00-21:30', 'adidas_台北忠孝館'),
('劉玉沛', '0971-429536', '兼職人員', '16:00-23:30', 'adidas_台北忠孝館'),
('楊偉誠', '0932-256417', '庫房管理人員', '16:00-23:30', 'adidas_台北忠孝館'),
('陳家瑜', '0923-517426', '兼職人員', '9:00-16:30', 'adidas_台北忠孝館'),
('陳俊原', '0911-832547', '庫房管理人員', '9:00-16:30', 'adidas_台北忠孝館'),
('陳信行', '0977-521634', '門市店員', '16:00-23:30', 'adidas_台北忠孝館'),
('宋淑芬', '0988-263745', '庫房管理人員', '16:00-23:30', 'adidas_台北忠孝館'),
('林佑瑞', '0966-754213', '庫房管理人員', '9:00-16:30', 'adidas_台北忠孝館'),
('張常凱', '0915-632479', '庫房管理人員', '16:00-23:30', 'adidas_台北忠孝館'),
('郭旺綠', '0933-217645', '門市店員', '9:00-16:30', 'adidas_台北忠孝館'),
('黃冠輝', '0922-457631', '門市店員', '16:00-23:30', 'adidas_台北忠孝館'),
('陳于屏', '0960-736215', '店長', '11:00-21:30', 'adidas_台北復興館'),
('黃竣嬌', '0987-564213', '庫房管理人員', '9:00-16:30', 'adidas_台北復興館'),
('張雅鈴', '0971-352647', '門市店員', '9:00-16:30', 'adidas_台北復興館'),
('陳冠雨', '0932-964157', '門市店員', '16:00-23:30', 'adidas_台北復興館'),
('梁小能', '0923-273546', '門市店員', '9:00-16:30', 'adidas_台北復興館'),
('洪孟儒', '0911-645327', '門市店員', '16:00-23:30', 'adidas_台北復興館'),
('蔡孟軒', '0977-314625', '店長', '11:00-21:30', 'adidas_中壢店'),
('陳彥霖', '0988-546723', '庫房管理人員', '16:00-23:30', 'adidas_中壢店'),
('許秀玲', '0966-739251', '庫房管理人員', '9:00-16:30', 'adidas_中壢店'),
('柯偉亦', '0915-542736', '門市店員', '9:00-16:30', 'adidas_中壢店'),
('杜智強', '0933-762541', '兼職人員', '16:00-23:30', 'adidas_中壢店'),
('許少睿', '0922-359746', '店長', '11:00-21:30', 'adidas_高雄店'),
('賴奕廷', '0960-512347', '兼職人員', '9:00-16:30', 'adidas_高雄店'),
('吳建松', '0987-937241', '庫房管理人員', '16:00-23:30', 'adidas_高雄店'),
('蘇晴亨', '0971-456327', '庫房管理人員', '9:00-16:30', 'adidas_高雄店'),
('鄭怡蘭', '0932-837516', '庫房管理人員', '16:00-23:30', 'adidas_高雄店'),
('阮佩君', '0923-546721', '門市店員', '16:00-23:30', 'adidas_高雄店'),
('李惠珠', '0911-823547', '門市店員', '9:00-16:30', 'adidas_高雄店'),
('林佳蓉', '0977-645132', '庫房管理人員', '9:00-16:30', 'adidas_高雄店'),
('林信宏', '0988-372546', '兼職人員', '16:00-23:30', 'adidas_高雄店'),
('林得南', '0966-927345', '庫房管理人員', '16:00-23:30', 'adidas_高雄店'),
('王靜宜', '0915-473629', '店長', '11:00-21:30', 'adidas_天母店'),
('駱芝元', '0933-625471', '庫房管理人員', '9:00-16:30', 'adidas_天母店'),
('王穎林', '0922-317654', '庫房管理人員', '16:00-23:30', 'adidas_天母店'),
('酆冠辛', '0960-459127', '門市店員', '16:00-23:30', 'adidas_天母店'),
('劉彥梅', '0987-652413', '門市店員', '9:00-16:30', 'adidas_天母店'),
('張鈞湖', '0971-937526', '門市店員', '16:00-23:30', 'adidas_天母店'),
('張思潔', '0932-476521', '庫房管理人員', '9:00-16:30', 'adidas_天母店'),
('黃蕙然', '0923-715364', '庫房管理人員', '16:00-23:30', 'adidas_天母店'),
('劉宛玲', '0911-263475', '庫房管理人員', '9:00-16:30', 'adidas_天母店'),
('賴仲菁', '0977-546321', '庫房管理人員', '16:00-23:30', 'adidas_天母店'),
('林佳玲', '0988-371452', '門市店員', '9:00-16:30', 'adidas_天母店'),
('黃雅婷', '0966-125437', '店長', '11:00-21:30', 'adidas_高雄店'),
('葉志文', '0915-937246', '門市店員', '16:00-23:30', 'adidas_高雄店'),
('鄭宛儒', '0933-463751', '庫房管理人員', '9:00-16:30', 'adidas_高雄店'),
('錢展萱', '0922-943165', '庫房管理人員', '16:00-23:30', 'adidas_高雄店'),
('賴嘉恆', '0960-317542', '兼職人員', '9:00-16:30', 'adidas_高雄店'),
('陳敬德', '0987-652413', '庫房管理人員', '9:00-16:30', 'adidas_高雄店'),
('許麗君', '0971-973625', '門市店員', '9:00-16:30', 'adidas_高雄店'),
('林佩樺', '0932-241756', '店長', '11:00-21:30', 'ADIDAS GOLF_台北忠孝館'),
('廖淑芳', '0923-387165', '庫房管理人員', '16:00-23:30', 'ADIDAS GOLF_台北忠孝館'),
('劉淑芬', '0911-752364', '兼職人員', '16:00-23:30', 'ADIDAS GOLF_台北忠孝館'),
('吳怡君', '0977-529416', '兼職人員', '9:00-16:30', 'ADIDAS GOLF_台北忠孝館'),
('陳俊秀', '0988-764235', '門市店員', '16:00-23:30', 'ADIDAS GOLF_台北忠孝館'),
('王乃亞', '0966-743512', '門市店員', '9:00-16:30', 'ADIDAS GOLF_台北忠孝館'),
('陳廷海', '0915-492736', '兼職人員', '16:00-23:30', 'ADIDAS GOLF_台北忠孝館'),
('張俊豪', '0933-675124', '店長', '11:00-21:30', 'adidas kids_台北忠孝館'),
('吳建德', '0922-769351', '庫房管理人員', '9:00-16:30', 'adidas kids_台北忠孝館'),
('葉麗君', '0960-526413', '門市店員', '16:00-23:30', 'adidas kids_台北忠孝館'),
('張嘉書', '0987-361542', '兼職人員', '9:00-16:30', 'adidas kids_台北忠孝館'),
('蔡世豪', '0971-932657', '門市店員', '9:00-16:30', 'adidas kids_台北忠孝館'),
('黃豐佐', '0932-241756', '庫房管理人員', '16:00-23:30', 'adidas kids_台北忠孝館'),
('何欣怡', '0923-367541', '兼職人員', '16:00-23:30', 'adidas kids_台北忠孝館'),
('黃冠霖', '0911-758326', '門市店員', '16:00-23:30', 'adidas kids_台北忠孝館'),
('謝文吉', '0977-124365', '兼職人員', '9:00-16:30', 'adidas kids_台北忠孝館'),
('周君茹', '0988-736452', '門市店員', '9:00-16:30', 'adidas kids_台北忠孝館'),
('葉宣雲', '0966-529374', '庫房管理人員', '9:00-16:30', 'adidas kids_台北忠孝館'),
('俞冠廷', '0915-476325', '店長', '11:00-21:30', 'adidas kids_天母店'),
('黃美惠', '0933-625147', '門市店員', '16:00-23:30', 'adidas kids_天母店'),
('張潔琬', '0922-473568', '庫房管理人員', '16:00-23:30', 'adidas kids_天母店'),
('李政俊', '0960-365214', '庫房管理人員', '9:00-16:30', 'adidas kids_天母店'),
('查建良', '0987-915247', '門市店員', '9:00-16:30', 'adidas kids_天母店'),
('李政如', '0971-345726', '門市店員', '16:00-23:30', 'adidas kids_天母店'),
('趙佳穎', '0932-654371', '庫房管理人員', '16:00-23:30', 'adidas kids_天母店'),
('林雨辛', '0923-927546', '兼職人員', '16:00-23:30', 'adidas kids_天母店'),
('謝宜苓', '0911-832456', '庫房管理人員', '9:00-16:30', 'adidas kids_天母店'),
('林政軒', '0977-526431', '門市店員', '9:00-16:30', 'adidas kids_天母店'),
('丁淑娟', '0988-364257', '門市店員', '16:00-23:30', 'adidas kids_天母店'),
('邱卉鈺', '0966-743215', '店長', '11:00-21:30', 'adidas kids_中壢店'),
('陳昭彥', '0915-924736', '兼職人員', '9:00-16:30', 'adidas kids_中壢店'),
('鄧淑萍', '0933-643571', '兼職人員', '16:00-23:30', 'adidas kids_中壢店'),
('張右緯', '0922-752634', '庫房管理人員', '16:00-23:30', 'adidas kids_中壢店'),
('許佩君', '0960-216457', '庫房管理人員', '9:00-16:30', 'adidas kids_中壢店'),
('楊曉珠', '0987-637541', '庫房管理人員', '16:00-23:30', 'adidas kids_中壢店'),
('張雅琪', '0971-459726', '兼職人員', '9:00-16:30', 'adidas kids_中壢店'),
('邱雅萍', '0932-476521', '門市店員', '9:00-16:30', 'adidas kids_中壢店'),
('張智伯', '0923-715364', '庫房管理人員', '9:00-16:30', 'adidas kids_中壢店'),
('黃朝芸', '0911-263475', '兼職人員', '16:00-23:30', 'adidas kids_中壢店'),
('張雪延', '0977-546321', '店長', '11:00-21:30', 'adidas kids_新竹店'),
('蔣智強', '0988-371452', '門市店員', '16:00-23:30', 'adidas kids_新竹店'),
('楊俊安', '0966-125437', '門市店員', '9:00-16:30', 'adidas kids_新竹店'),
('吳玉華', '0915-937246', '庫房管理人員', '16:00-23:30', 'adidas kids_新竹店'),
('李佐瑋', '0933-463751', '門市店員', '16:00-23:30', 'adidas kids_新竹店'),
('林佳慧', '0922-943165', '門市店員', '9:00-16:30', 'adidas kids_新竹店'),
('何舜盛', '0960-317542', '店長', '11:00-21:30', 'adidas Originals_天母店'),
('張竹興', '0987-652413', '兼職人員', '9:00-16:30', 'adidas Originals_天母店'),
('鄭琳吉', '0971-973625', '庫房管理人員', '9:00-16:30', 'adidas Originals_天母店'),
('杜珍宸', '0932-241756', '兼職人員', '16:00-23:30', 'adidas Originals_天母店'),
('黃志萱', '0923-367541', '門市店員', '16:00-23:30', 'adidas Originals_天母店'),
('林海琬', '0911-758326', '門市店員', '9:00-16:30', 'adidas Originals_天母店'),
('林芳璇', '0977-124365', '門市店員', '16:00-23:30', 'adidas Originals_天母店'),
('葉宜臻', '0988-736452', '兼職人員', '9:00-16:30', 'adidas Originals_天母店'),
('唐弘珊', '0966-529374', '庫房管理人員', '16:00-23:30', 'adidas Originals_天母店'),
('趙政蕙', '0915-476325', '店長', '11:00-21:30', 'adidas Originals_中壢店'),
('林國蓮', '0933-625147', '門市店員', '9:00-16:30', 'adidas Originals_中壢店'),
('張惠云', '0922-473568', '門市店員', '16:00-23:30', 'adidas Originals_中壢店'),
('陳明慧', '0960-365214', '門市店員', '9:00-16:30', 'adidas Originals_中壢店'),
('劉宜婷', '0987-915247', '兼職人員', '16:00-23:30', 'adidas Originals_中壢店'),
('陳有睿', '0971-345726', '庫房管理人員', '9:00-16:30', 'adidas Originals_中壢店'),
('謝建銘', '0932-654371', '庫房管理人員', '16:00-23:30', 'adidas Originals_中壢店'),
('毛佐輝', '0923-927546', '店長', '11:00-21:30', 'adidas Originals_高雄店'),
('張雅沛', '0911-832456', '庫房管理人員', '9:00-16:30', 'adidas Originals_高雄店'),
('黃建云', '0977-526431', '兼職人員', '9:00-16:30', 'adidas Originals_高雄店'),
('呂宗翰', '0988-364257', '兼職人員', '16:00-23:30', 'adidas Originals_高雄店'),
('李建仲', '0966-743215', '門市店員', '16:00-23:30', 'adidas Originals_高雄店'),
('王協一', '0915-924736', '庫房管理人員', '16:00-23:30', 'adidas Originals_高雄店'),
('裘立賢', '0933-643571', '兼職人員', '9:00-16:30', 'adidas Originals_高雄店'),
('呂淑芬', '0922-752634', '庫房管理人員', '9:00-16:30', 'adidas Originals_高雄店'),
('王秀娟', '0960-216457', '店長', '11:00-21:30', 'Aesop_天母店'),
('王麗揚', '0987-637541', '門市店員', '9:00-16:30', 'Aesop_天母店'),
('蔡青良', '0971-459726', '兼職人員', '16:00-23:30', 'Aesop_天母店'),
('張雅雯', '0932-476521', '兼職人員', '9:00-16:30', 'Aesop_天母店'),
('侯均鈺', '0923-715364', '兼職人員', '16:00-23:30', 'Aesop_天母店'),
('林佩玲', '0911-263475', '兼職人員', '9:00-16:30', 'Aesop_天母店'),
('白佑綸', '0977-546321', '庫房管理人員', '16:00-23:30', 'Aesop_天母店'),
('李政天', '0988-371452', '庫房管理人員', '9:00-16:30', 'Aesop_天母店'),
('李雅萍', '0966-125437', '店長', '11:00-21:30', 'Aesop_新竹店'),
('林湖民', '0915-937246', '兼職人員', '16:00-23:30', 'Aesop_新竹店'),
('葉安啟', '0933-463751', '庫房管理人員', '16:00-23:30', 'Aesop_新竹店'),
('黃靜芳', '0922-943165', '門市店員', '16:00-23:30', 'Aesop_新竹店'),
('吳家豪', '0960-317542', '庫房管理人員', '9:00-16:30', 'Aesop_新竹店'),
('吳莉雯', '0987-652413', '庫房管理人員', '16:00-23:30', 'Aesop_新竹店'),
('陳軍士', '0971-973625', '店長', '11:00-21:30', 'agapebaby_高雄店'),
('黃欣怡', '0932-241756', '門市店員', '9:00-16:30', 'agapebaby_高雄店'),
('鄭盈儒', '0923-367541', '門市店員', '16:00-23:30', 'agapebaby_高雄店'),
('杜淑華', '0911-758326', '兼職人員', '9:00-16:30', 'agapebaby_高雄店'),
('蘇昌其', '0977-124365', '門市店員', '9:00-16:30', 'agapebaby_高雄店'),
('吳欣俊', '0988-736452', '兼職人員', '16:00-23:30', 'agapebaby_高雄店'),
('陳明妏', '0966-529374', '門市店員', '16:00-23:30', 'agapebaby_高雄店'),
('蔡士傑', '0915-476325', '庫房管理人員', '9:00-16:30', 'agapebaby_高雄店'),
('高家慶', '0933-625147', '兼職人員', '9:00-16:30', 'agapebaby_高雄店'),
('周昌育', '0922-473568', '兼職人員', '16:00-23:30', 'agapebaby_高雄店'),
('李綠洋', '0960-365214', '店長', '11:00-21:30', 'agete_台北忠孝館'),
('蔡承城', '0987-915247', '庫房管理人員', '16:00-23:30', 'agete_台北忠孝館'),
('陳月珮', '0971-345726', '兼職人員', '9:00-16:30', 'agete_台北忠孝館'),
('陳綠木', '0932-654371', '庫房管理人員', '9:00-16:30', 'agete_台北忠孝館'),
('吳美云', '0923-927546', '庫房管理人員', '16:00-23:30', 'agete_台北忠孝館'),
('李姿凱', '0911-832456', '庫房管理人員', '9:00-16:30', 'agete_台北忠孝館'),
('黃瓊文', '0977-526431', '門市店員', '9:00-16:30', 'agete_台北忠孝館'),
('陳琬銘', '0988-364257', '兼職人員', '16:00-23:30', 'agete_台北忠孝館'),
('林昱火', '0966-743215', '門市店員', '16:00-23:30', 'agete_台北忠孝館'),
('程奕菱', '0915-924736', '兼職人員', '9:00-16:30', 'agete_台北忠孝館'),
('吳易然', '0933-643571', '庫房管理人員', '16:00-23:30', 'agete_台北忠孝館'),
('林宜香', '0922-752634', '店長', '11:00-21:30', 'agnes b._新竹店'),
('陳永然', '0960-216457', '庫房管理人員', '9:00-16:30', 'agnes b._新竹店'),
('楊火韋', '0987-637541', '庫房管理人員', '16:00-23:30', 'agnes b._新竹店'),
('陳金鳳', '0971-459726', '庫房管理人員', '9:00-16:30', 'agnes b._新竹店'),
('袁婉君', '0932-476521', '庫房管理人員', '16:00-23:30', 'agnes b._新竹店'),
('陳原紫', '0923-715364', '門市店員', '9:00-16:30', 'agnes b._新竹店'),
('陳信怡', '0911-263475', '門市店員', '16:00-23:30', 'agnes b._新竹店'),
('王淳洋', '0977-546321', '庫房管理人員', '9:00-16:30', 'agnes b._新竹店'),
('侯姿中', '0988-371452', '庫房管理人員', '16:00-23:30', 'agnes b._新竹店'),
('崔東銘', '0966-125437', '店長', '11:00-21:30', 'agnès b._中壢店'),
('呂憲雯', '0915-937246', '門市店員', '9:00-16:30', 'agnès b._中壢店'),
('張嘉娥', '0933-463751', '庫房管理人員', '9:00-16:30', 'agnès b._中壢店'),
('劉勝賢', '0922-943165', '庫房管理人員', '16:00-23:30', 'agnès b._中壢店'),
('陳丞哲', '0960-317542', '兼職人員', '16:00-23:30', 'agnès b._中壢店'),
('郭孝芃', '0987-652413', '兼職人員', '9:00-16:30', 'agnès b._中壢店'),
('劉俊杰', '0971-973625', '兼職人員', '16:00-23:30', 'agnès b._中壢店'),
('陳雅玲', '0932-241756', '店長', '11:00-21:30', 'agnès b._台北復興館'),
('陳家發', '0923-367541', '庫房管理人員', '9:00-16:30', 'agnès b._台北復興館'),
('廖偉泉', '0911-758326', '門市店員', '16:00-23:30', 'agnès b._台北復興館'),
('葉伊婷', '0977-124365', '庫房管理人員', '16:00-23:30', 'agnès b._台北復興館'),
('袁建豪', '0988-736452', '兼職人員', '9:00-16:30', 'agnès b._台北復興館'),
('林婉原', '0966-529374', '門市店員', '9:00-16:30', 'agnès b._台北復興館'),
('馮志瑋', '0915-476325', '庫房管理人員', '9:00-16:30', 'agnès b._台北復興館'),
('劉有琦', '0933-625147', '兼職人員', '16:00-23:30', 'agnès b._台北復興館'),
('李林利', '0922-473568', '店長', '11:00-21:30', 'agnès b._台北復興館'),
('陳雅如', '0960-365214', '門市店員', '16:00-23:30', 'agnès b._台北復興館'),
('涂宏木', '0987-915247', '庫房管理人員', '16:00-23:30', 'agnès b._台北復興館'),
('程莉婷', '0971-345726', '門市店員', '9:00-16:30', 'agnès b._台北復興館'),
('林秀甫', '0932-654371', '門市店員', '16:00-23:30', 'agnès b._台北復興館'),
('駱雅雯', '0923-927546', '門市店員', '9:00-16:30', 'agnès b._台北復興館'),
('黃景翔', '0911-832456', '庫房管理人員', '9:00-16:30', 'agnès b._台北復興館'),
('黃凱雯', '0977-526431', '庫房管理人員', '16:00-23:30', 'agnès b._台北復興館'),
('韓盈甄', '0988-364257', '庫房管理人員', '9:00-16:30', 'agnès b._台北復興館'),
('黃必瑋', '0966-743215', '庫房管理人員', '16:00-23:30', 'agnès b._台北復興館'),
('黃惠雯', '0915-924736', '店長', '11:00-21:30', 'agnès b._天母店'),
('蔡孟謙', '0933-643571', '兼職人員', '9:00-16:30', 'agnès b._天母店'),
('陳虹年', '0922-752634', '庫房管理人員', '9:00-16:30', 'agnès b._天母店'),
('許秋萍', '0960-216457', '庫房管理人員', '16:00-23:30', 'agnès b._天母店'),
('賴嘉琪', '0987-637541', '庫房管理人員', '9:00-16:30', 'agnès b._天母店'),
('陳思雪', '0971-459726', '門市店員', '16:00-23:30', 'agnès b._天母店'),
('黃心怡', '0932-476521', '門市店員', '9:00-16:30', 'agnès b._天母店'),
('陳志偉', '0923-715364', '庫房管理人員', '16:00-23:30', 'agnès b._天母店'),
('黃雅愛', '0911-263475', '門市店員', '16:00-23:30', 'agnès b._天母店'),
('吳志祥', '0977-546321', '庫房管理人員', '9:00-16:30', 'agnès b._天母店'),
('楊良旺', '0988-371452', '庫房管理人員', '16:00-23:30', 'agnès b._天母店'),
('陳瑋婷', '0966-125437', '店長', '11:00-21:30', 'AIGLE_天母店'),
('王蓉延', '0915-937246', '門市店員', '9:00-16:30', 'AIGLE_天母店'),
('陳永茵', '0933-463751', '兼職人員', '16:00-23:30', 'AIGLE_天母店'),
('黃柏白', '0922-943165', '庫房管理人員', '9:00-16:30', 'AIGLE_天母店'),
('毛志偉', '0960-317542', '庫房管理人員', '16:00-23:30', 'AIGLE_天母店'),
('許惠君', '0987-652413', '門市店員', '16:00-23:30', 'AIGLE_天母店'),
('趙淑芬', '0971-973625', '門市店員', '9:00-16:30', 'AIGLE_天母店'),
('陸宇學', '0932-241756', '庫房管理人員', '9:00-16:30', 'AIGLE_天母店'),
('江佳奇', '0923-367541', '兼職人員', '9:00-16:30', 'AIGLE_天母店'),
('吳婉君', '0911-758326', '門市店員', '16:00-23:30', 'AIGLE_天母店'),
('劉雅君', '0977-124365', '店長', '11:00-21:30', 'AiLi_中壢店'),
('倪曉薇', '0988-736452', '門市店員', '9:00-16:30', 'AiLi_中壢店'),
('吳宛琳', '0966-529374', '庫房管理人員', '16:00-23:30', 'AiLi_中壢店'),
('吳紫惟', '0915-476325', '兼職人員', '16:00-23:30', 'AiLi_中壢店'),
('桑和定', '0933-625147', '門市店員', '16:00-23:30', 'AiLi_中壢店'),
('鄧瑜佩', '0922-473568', '庫房管理人員', '9:00-16:30', 'AiLi_中壢店'),
('劉怡伶', '0960-365214', '店長', '11:00-21:30', 'AiLi_新竹店'),
('阮婷茵', '0987-915247', '兼職人員', '9:00-16:30', 'AiLi_新竹店'),
('楊鈺婷', '0971-345726', '兼職人員', '16:00-23:30', 'AiLi_新竹店'),
('吳俊榮', '0932-654371', '庫房管理人員', '16:00-23:30', 'AiLi_新竹店'),
('王堯郁', '0923-927546', '門市店員', '9:00-16:30', 'AiLi_新竹店'),
('蔡美惠', '0911-832456', '庫房管理人員', '9:00-16:30', 'AiLi_新竹店'),
('張淑宜', '0977-526431', '兼職人員', '9:00-16:30', 'AiLi_新竹店'),
('彭建廷', '0988-364257', '店長', '11:00-21:30', 'aimerfeel_中壢店'),
('陳俞淳', '0966-743215', '庫房管理人員', '16:00-23:30', 'aimerfeel_中壢店'),
('王彥昌', '0915-924736', '門市店員', '16:00-23:30', 'aimerfeel_中壢店'),
('周水明', '0933-643571', '門市店員', '9:00-16:30', 'aimerfeel_中壢店'),
('李冠海', '0922-752634', '兼職人員', '16:00-23:30', 'aimerfeel_中壢店'),
('潘裕翔', '0960-216457', '門市店員', '16:00-23:30', 'aimerfeel_中壢店'),
('鄧群真', '0987-637541', '兼職人員', '9:00-16:30', 'aimerfeel_中壢店'),
('崔耀德', '0971-459726', '庫房管理人員', '9:00-16:30', 'aimerfeel_中壢店'),
('蔡淑玲', '0932-476521', '門市店員', '9:00-16:30', 'aimerfeel_中壢店'),
('鄭東富', '0923-715364', '門市店員', '16:00-23:30', 'aimerfeel_中壢店'),
('王俊憲', '0911-263475', '兼職人員', '16:00-23:30', 'aimerfeel_中壢店'),
('孫慶屏', '0977-546321', '店長', '11:00-21:30', 'aimerfeel_台北忠孝館'),
('賴怡齊', '0988-371452', '門市店員', '9:00-16:30', 'aimerfeel_台北忠孝館'),
('涂映美', '0966-125437', '門市店員', '16:00-23:30', 'aimerfeel_台北忠孝館'),
('林俐駿', '0915-937246', '庫房管理人員', '16:00-23:30', 'aimerfeel_台北忠孝館'),
('湯怡君', '0933-463751', '庫房管理人員', '9:00-16:30', 'aimerfeel_台北忠孝館'),
('陳曉英', '0922-943165', '門市店員', '9:00-16:30', 'aimerfeel_台北忠孝館'),
('簡智超', '0960-317542', '門市店員', '16:00-23:30', 'aimerfeel_台北忠孝館'),
('朱聿璇', '0987-652413', '庫房管理人員', '16:00-23:30', 'aimerfeel_台北忠孝館'),
('黃韻禾', '0971-973625', '庫房管理人員', '9:00-16:30', 'aimerfeel_台北忠孝館'),
('李建富', '0932-241756', '門市店員', '9:00-16:30', 'aimerfeel_台北忠孝館'),
('吳豐任', '0923-367541', '店長', '11:00-21:30', 'Airfree_天母店'),
('林辛瑄', '0911-758326', '庫房管理人員', '16:00-23:30', 'Airfree_天母店'),
('盧旻甫', '0977-124365', '門市店員', '16:00-23:30', 'Airfree_天母店'),
('陳登瑩', '0988-736452', '門市店員', '9:00-16:30', 'Airfree_天母店'),
('鐘潔帆', '0966-529374', '門市店員', '16:00-23:30', 'Airfree_天母店'),
('黃嘉任', '0915-476325', '庫房管理人員', '9:00-16:30', 'Airfree_天母店'),
('王憶貴', '0933-625147', '門市店員', '9:00-16:30', 'Airfree_天母店'),
('方盈以', '0922-473568', '庫房管理人員', '16:00-23:30', 'Airfree_天母店'),
('蔡孟群', '0960-365214', '門市店員', '16:00-23:30', 'Airfree_天母店'),
('楊名亨', '0987-915247', '門市店員', '9:00-16:30', 'Airfree_天母店'),
('林雅君', '0971-345726', '門市店員', '16:00-23:30', 'Airfree_天母店'),
('鄭綠坤', '0932-654371', '店長', '11:00-21:30', 'Airfree_高雄店'),
('黃雅萍', '0923-927546', '庫房管理人員', '9:00-16:30', 'Airfree_高雄店'),
('葉芸儀', '0911-832456', '庫房管理人員', '16:00-23:30', 'Airfree_高雄店'),
('黃瑤儒', '0977-526431', '門市店員', '9:00-16:30', 'Airfree_高雄店'),
('蕭堯雅', '0988-364257', '庫房管理人員', '9:00-16:30', 'Airfree_高雄店'),
('李景天', '0966-743215', '門市店員', '16:00-23:30', 'Airfree_高雄店'),
('陳雅雯', '0915-924736', '庫房管理人員', '16:00-23:30', 'Airfree_高雄店'),
('陳逸鈺', '0933-643571', '庫房管理人員', '9:00-16:30', 'Airfree_高雄店'),
('張嘉辛', '0922-752634', '店長', '11:00-21:30', 'airweave_台北忠孝館'),
('倪原仁', '0960-216457', '兼職人員', '9:00-16:30', 'airweave_台北忠孝館'),
('陳佳慈', '0987-637541', '門市店員', '9:00-16:30', 'airweave_台北忠孝館'),
('潘國亦', '0971-459726', '門市店員', '16:00-23:30', 'airweave_台北忠孝館'),
('王德汝', '0932-476521', '庫房管理人員', '16:00-23:30', 'airweave_台北忠孝館'),
('林彥菱', '0923-715364', '門市店員', '9:00-16:30', 'airweave_台北忠孝館'),
('陳信夫', '0911-263475', '門市店員', '16:00-23:30', 'airweave_台北忠孝館'),
('李雅雯', '0977-546321', '庫房管理人員', '9:00-16:30', 'airweave_台北忠孝館'),
('鄭長函', '0988-371452', '門市店員', '9:00-16:30', 'airweave_台北忠孝館'),
('邱火玄', '0966-125437', '店長', '11:00-21:30', 'ALBION_台北忠孝館'),
('方昆清', '0915-937246', '門市店員', '16:00-23:30', 'ALBION_台北忠孝館'),
('林士昀', '0933-463751', '門市店員', '9:00-16:30', 'ALBION_台北忠孝館'),
('王肇谷', '0922-943165', '門市店員', '16:00-23:30', 'ALBION_台北忠孝館'),
('李彥君', '0960-317542', '門市店員', '9:00-16:30', 'ALBION_台北忠孝館'),
('張馨萍', '0987-652413', '庫房管理人員', '16:00-23:30', 'ALBION_台北忠孝館'),
('楊育霖', '0971-973625', '庫房管理人員', '9:00-16:30', 'ALBION_台北忠孝館'),
('林玉娟', '0932-241756', '店長', '11:00-21:30', 'ALBION_中壢店'),
('吳秉侑', '0923-367541', '庫房管理人員', '16:00-23:30', 'ALBION_中壢店'),
('榮俊宏', '0911-758326', '庫房管理人員', '9:00-16:30', 'ALBION_中壢店'),
('陳秋法', '0977-124365', '門市店員', '16:00-23:30', 'ALBION_中壢店'),
('林宛玲', '0988-736452', '門市店員', '9:00-16:30', 'ALBION_中壢店'),
('林家綸', '0966-529374', '兼職人員', '16:00-23:30', 'ALBION_中壢店'),
('趙明翰', '0915-476325', '店長', '11:00-21:30', 'aldomartins_台北敦化館'),
('蔡信綸', '0933-625147', '門市店員', '16:00-23:30', 'aldomartins_台北敦化館'),
('鄭亮茜', '0922-473568', '庫房管理人員', '16:00-23:30', 'aldomartins_台北敦化館'),
('王淑欣', '0960-365214', '門市店員', '9:00-16:30', 'aldomartins_台北敦化館'),
('吳昆霖', '0987-915247', '門市店員', '16:00-23:30', 'aldomartins_台北敦化館'),
('魏陽男', '0971-345726', '門市店員', '9:00-16:30', 'aldomartins_台北敦化館'),
('陳冠順', '0932-654371', '庫房管理人員', '9:00-16:30', 'aldomartins_台北敦化館'),
('陳玉娟', '0923-927546', '門市店員', '16:00-23:30', 'aldomartins_台北敦化館'),
('蕭行容', '0911-832456', '庫房管理人員', '16:00-23:30', 'aldomartins_台北敦化館'),
('李于琦', '0977-526431', '門市店員', '9:00-16:30', 'aldomartins_台北敦化館'),
('鄧冠廷', '0988-364257', '庫房管理人員', '9:00-16:30', 'aldomartins_台北敦化館'),
('蔡秀英', '0966-743215', '店長', '11:00-21:30', 'Alice & Olivia_台北復興館'),
('林佳穎', '0915-924736', '庫房管理人員', '16:00-23:30', 'Alice & Olivia_台北復興館'),
('王益芬', '0933-643571', '庫房管理人員', '9:00-16:30', 'Alice & Olivia_台北復興館'),
('孫佳燕', '0922-752634', '庫房管理人員', '16:00-23:30', 'Alice & Olivia_台北復興館'),
('曾國倩', '0960-216457', '庫房管理人員', '9:00-16:30', 'Alice & Olivia_台北復興館'),
('詹思涵', '0987-637541', '庫房管理人員', '16:00-23:30', 'Alice & Olivia_台北復興館'),
('林智傑', '0971-459726', '庫房管理人員', '9:00-16:30', 'Alice & Olivia_台北復興館'),
('林哲泉', '0932-476521', '庫房管理人員', '16:00-23:30', 'Alice & Olivia_台北復興館'),
('林淑希', '0923-715364', '庫房管理人員', '9:00-16:30', 'Alice & Olivia_台北復興館'),
('李碧星', '0911-263475', '庫房管理人員', '16:00-23:30', 'Alice & Olivia_台北復興館'),
('許雅筑', '0977-546321', '門市店員', '16:00-23:30', 'Alice & Olivia_台北復興館'),
('葉昌毓', '0988-371452', '店長', '11:00-21:30', 'ALLSAINTS_台北復興館'),
('游依婷', '0915-937246', '門市店員', '9:00-16:30', 'ALLSAINTS_台北復興館'),
('蔡辰勇', '0933-463751', '門市店員', '16:00-23:30', 'ALLSAINTS_台北復興館'),
('鄭雅淳', '0922-943165', '兼職人員', '9:00-16:30', 'ALLSAINTS_台北復興館'),
('林宥仲', '0960-317542', '庫房管理人員', '9:00-16:30', 'ALLSAINTS_台北復興館'),
('楊志豪', '0987-652413', '門市店員', '9:00-16:30', 'ALLSAINTS_台北復興館'),
('李珍君', '0971-973625', '兼職人員', '16:00-23:30', 'ALLSAINTS_台北復興館'),
('張志紫', '0932-241756', '門市店員', '16:00-23:30', 'ALLSAINTS_台北復興館'),
('鄭瑤岳', '0923-367541', '庫房管理人員', '16:00-23:30', 'ALLSAINTS_台北復興館'),
('陳夙希', '0911-758326', '店長', '11:00-21:30', 'ALLSAINTS_台北復興館'),
('施凱婷', '0977-124365', '兼職人員', '9:00-16:30', 'ALLSAINTS_台北復興館'),
('黃慈尹', '0988-736452', '門市店員', '9:00-16:30', 'ALLSAINTS_台北復興館'),
('張鈺幸', '0966-529374', '庫房管理人員', '9:00-16:30', 'ALLSAINTS_台北復興館'),
('王彥均', '0915-476325', '門市店員', '16:00-23:30', 'ALLSAINTS_台北復興館'),
('李怡文', '0933-625147', '門市店員', '9:00-16:30', 'ALLSAINTS_台北復興館'),
('賴康亦', '0922-473568', '庫房管理人員', '16:00-23:30', 'ALLSAINTS_台北復興館'),
('黃俊毅', '0960-365214', '店長', '11:00-21:30', 'ALLSAINTS_新竹店'),
('張嘉威', '0987-915247', '門市店員', '16:00-23:30', 'ALLSAINTS_新竹店'),
('魏禹雯', '0971-345726', '庫房管理人員', '9:00-16:30', 'ALLSAINTS_新竹店'),
('周怡樺', '0932-654371', '門市店員', '9:00-16:30', 'ALLSAINTS_新竹店'),
('王建志', '0923-927546', '庫房管理人員', '16:00-23:30', 'ALLSAINTS_新竹店'),
('梅肇志', '0911-832456', '庫房管理人員', '9:00-16:30', 'ALLSAINTS_新竹店'),
('林昭吉', '0977-526431', '兼職人員', '16:00-23:30', 'ALLSAINTS_新竹店'),
('管柏毅', '0988-364257', '兼職人員', '9:00-16:30', 'ALLSAINTS_新竹店'),
('林嘉惠', '0966-743215', '兼職人員', '16:00-23:30', 'ALLSAINTS_新竹店'),
('謝萱麟', '0915-924736', '兼職人員', '9:00-16:30', 'ALLSAINTS_新竹店'),
('李瑩維', '0933-643571', '兼職人員', '16:00-23:30', 'ALLSAINTS_新竹店'),
('蔡至婷', '0922-752634', '門市店員', '16:00-23:30', 'ALLSAINTS_新竹店'),
('彭淑婷', '0960-216457', '店長', '11:00-21:30', 'AMEN_台北敦化館'),
('鄭宛君', '0987-637541', '庫房管理人員', '16:00-23:30', 'AMEN_台北敦化館'),
('游先福', '0971-459726', '兼職人員', '9:00-16:30', 'AMEN_台北敦化館'),
('林惠婷', '0932-476521', '門市店員', '9:00-16:30', 'AMEN_台北敦化館'),
('黃婷婷', '0923-715364', '門市店員', '16:00-23:30', 'AMEN_台北敦化館'),
('潘志明', '0911-263475', '兼職人員', '16:00-23:30', 'AMEN_台北敦化館'),
('吳建智', '0977-546321', '門市店員', '9:00-16:30', 'AMEN_台北敦化館'),
('周邦昌', '0988-371452', '門市店員', '16:00-23:30', 'AMEN_台北敦化館'),
('邱國維', '0966-125437', '兼職人員', '9:00-16:30', 'AMEN_台北敦化館'),
('許志銘', '0915-937246', '兼職人員', '16:00-23:30', 'AMEN_台北敦化館'),
('陳俊其', '0933-463751', '店長', '11:00-21:30', 'Amina Rubinacci_台北敦化館'),
('吳皓瑩', '0922-943165', '庫房管理人員', '9:00-16:30', 'Amina Rubinacci_台北敦化館'),
('陳家佑', '0960-317542', '兼職人員', '9:00-16:30', 'Amina Rubinacci_台北敦化館'),
('沈凱鈞', '0987-652413', '門市店員', '9:00-16:30', 'Amina Rubinacci_台北敦化館'),
('郭國偉', '0971-973625', '庫房管理人員', '16:00-23:30', 'Amina Rubinacci_台北敦化館'),
('陳柏宏', '0932-241756', '庫房管理人員', '9:00-16:30', 'Amina Rubinacci_台北敦化館'),
('林彥元', '0923-367541', '庫房管理人員', '16:00-23:30', 'Amina Rubinacci_台北敦化館'),
('邱芸瑋', '0911-758326', '庫房管理人員', '9:00-16:30', 'Amina Rubinacci_台北敦化館'),
('吳秉麟', '0977-124365', '門市店員', '16:00-23:30', 'Amina Rubinacci_台北敦化館'),
('吳怡孜', '0988-736452', '店長', '11:00-21:30', 'Anita Su_新竹店'),
('林怡萍', '0966-529374', '兼職人員', '16:00-23:30', 'Anita Su_新竹店'),
('賴玟君', '0915-476325', '庫房管理人員', '16:00-23:30', 'Anita Su_新竹店'),
('賴博妏', '0933-625147', '庫房管理人員', '9:00-16:30', 'Anita Su_新竹店'),
('王姿榮', '0922-473568', '門市店員', '9:00-16:30', 'Anita Su_新竹店'),
('黃俊偉', '0960-365214', '庫房管理人員', '16:00-23:30', 'Anita Su_新竹店'),
('包心發', '0987-915247', '店長', '11:00-21:30', 'ANNE DE SOLENE 安妮莎琳_台北忠孝館'),
('蔡珮瑜', '0971-345726', '庫房管理人員', '9:00-16:30', 'ANNE DE SOLENE 安妮莎琳_台北忠孝館'),
('劉昌揚', '0932-654371', '門市店員', '16:00-23:30', 'ANNE DE SOLENE 安妮莎琳_台北忠孝館'),
('蔡乃典', '0923-927546', '門市店員', '9:00-16:30', 'ANNE DE SOLENE 安妮莎琳_台北忠孝館'),
('黃書瑋', '0911-832456', '庫房管理人員', '16:00-23:30', 'ANNE DE SOLENE 安妮莎琳_台北忠孝館'),
('吳慧妮', '0977-526431', '門市店員', '16:00-23:30', 'ANNE DE SOLENE 安妮莎琳_台北忠孝館'),
('魏惠玲', '0988-364257', '兼職人員', '9:00-16:30', 'ANNE DE SOLENE 安妮莎琳_台北忠孝館'),
('羅俊翔', '0966-743215', '店長', '11:00-21:30', 'ANPANMAN SHOWCASE_新竹店'),
('林靜喜', '0915-924736', '門市店員', '9:00-16:30', 'ANPANMAN SHOWCASE_新竹店'),
('林聖善', '0933-643571', '門市店員', '16:00-23:30', 'ANPANMAN SHOWCASE_新竹店'),
('江陽博', '0922-752634', '庫房管理人員', '9:00-16:30', 'ANPANMAN SHOWCASE_新竹店'),
('蔡怡婷', '0960-216457', '門市店員', '9:00-16:30', 'ANPANMAN SHOWCASE_新竹店'),
('王慧君', '0987-637541', '門市店員', '16:00-23:30', 'ANPANMAN SHOWCASE_新竹店'),
('曹韋成', '0971-459726', '門市店員', '9:00-16:30', 'ANPANMAN SHOWCASE_新竹店'),
('黃子軒', '0932-476521', '兼職人員', '16:00-23:30', 'ANPANMAN SHOWCASE_新竹店'),
('黃肇鑫', '0923-715364', '庫房管理人員', '16:00-23:30', 'ANPANMAN SHOWCASE_新竹店'),
('葉亦源', '0911-263475', '店長', '11:00-21:30', 'ANYSIS_台北忠孝館'),
('黃宜欣', '0977-546321', '門市店員', '16:00-23:30', 'ANYSIS_台北忠孝館'),
('陳佩君', '0988-371452', '門市店員', '9:00-16:30', 'ANYSIS_台北忠孝館'),
('鄭任平', '0966-125437', '門市店員', '16:00-23:30', 'ANYSIS_台北忠孝館'),
('富啟豐', '0915-937246', '庫房管理人員', '9:00-16:30', 'ANYSIS_台北忠孝館'),
('林怡靜', '0933-463751', '兼職人員', '9:00-16:30', 'ANYSIS_台北忠孝館'),
('蔡孟生', '0922-943165', '兼職人員', '16:00-23:30', 'ANYSIS_台北忠孝館'),
('陳嬌燦', '0960-317542', '庫房管理人員', '16:00-23:30', 'ANYSIS_台北忠孝館'),
('陳郁文', '0987-652413', '庫房管理人員', '9:00-16:30', 'ANYSIS_台北忠孝館'),
('潘佳蓉', '0971-973625', '店長', '11:00-21:30', 'APANAGE_台北敦化館'),
('林鈺夫', '0932-241756', '門市店員', '9:00-16:30', 'APANAGE_台北敦化館'),
('施牧漢', '0923-367541', '兼職人員', '9:00-16:30', 'APANAGE_台北敦化館'),
('賴景政', '0911-758326', '兼職人員', '16:00-23:30', 'APANAGE_台北敦化館'),
('陳勳瑤', '0977-124365', '庫房管理人員', '16:00-23:30', 'APANAGE_台北敦化館'),
('林嘉仁', '0988-736452', '庫房管理人員', '9:00-16:30', 'APANAGE_台北敦化館'),
('龍泓柔', '0966-529374', '庫房管理人員', '16:00-23:30', 'APANAGE_台北敦化館'),
('王柏航', '0915-476325', '兼職人員', '9:00-16:30', 'APANAGE_台北敦化館'),
('楊淑羽', '0933-625147', '庫房管理人員', '9:00-16:30', 'APANAGE_台北敦化館'),
('鄭子豪', '0922-473568', '店長', '11:00-21:30', 'APIVITA_台北復興館'),
('陳明和', '0960-365214', '兼職人員', '16:00-23:30', 'APIVITA_台北復興館'),
('黃語和', '0987-915247', '門市店員', '16:00-23:30', 'APIVITA_台北復興館'),
('楊舒陽', '0971-345726', '門市店員', '9:00-16:30', 'APIVITA_台北復興館'),
('王良堯', '0932-654371', '庫房管理人員', '16:00-23:30', 'APIVITA_台北復興館'),
('黃培倫', '0923-927546', '兼職人員', '9:00-16:30', 'APIVITA_台北復興館'),
('陳呈鈺', '0911-832456', '門市店員', '16:00-23:30', 'APIVITA_台北復興館'),
('陳哲瑋', '0977-526431', '門市店員', '9:00-16:30', 'APIVITA_台北復興館'),
('韓聖傑', '0988-364257', '門市店員', '16:00-23:30', 'APIVITA_台北復興館'),
('金容苓', '0966-743215', '店長', '11:00-21:30', 'APIVITA_新竹店'),
('黃雅迪', '0915-924736', '兼職人員', '16:00-23:30', 'APIVITA_新竹店'),
('李子昀', '0933-643571', '門市店員', '9:00-16:30', 'APIVITA_新竹店'),
('李靜雯', '0922-752634', '兼職人員', '9:00-16:30', 'APIVITA_新竹店'),
('傅慶漢', '0960-216457', '兼職人員', '16:00-23:30', 'APIVITA_新竹店'),
('陳婉芷', '0987-637541', '門市店員', '16:00-23:30', 'APIVITA_新竹店'),
('藍修彥', '0971-459726', '兼職人員', '9:00-16:30', 'APIVITA_新竹店'),
('鄭名凱', '0932-476521', '庫房管理人員', '9:00-16:30', 'APIVITA_新竹店'),
('茹民佐', '0923-715364', '兼職人員', '16:00-23:30', 'APIVITA_新竹店'),
('賴佩君', '0911-263475', '店長', '11:00-21:30', 'B&W_台北復興館'),
('黃育德', '0977-546321', '兼職人員', '9:00-16:30', 'B&W_台北復興館'),
('吳信伶', '0988-371452', '門市店員', '9:00-16:30', 'B&W_台北復興館'),
('張炳玫', '0966-125437', '門市店員', '16:00-23:30', 'B&W_台北復興館'),
('周欣潔', '0915-937246', '庫房管理人員', '16:00-23:30', 'B&W_台北復興館'),
('楊文君', '0933-463751', '庫房管理人員', '9:00-16:30', 'B&W_台北復興館'),
('陳可欣', '0922-943165', '庫房管理人員', '16:00-23:30', 'B&W_台北復興館'),
('林政舜', '0960-317542', '庫房管理人員', '9:00-16:30', 'B&W_台北復興館'),
('陳玉婷', '0987-652413', '兼職人員', '16:00-23:30', 'B&W_台北復興館'),
('郭明慧', '0971-973625', '兼職人員', '9:00-16:30', 'B&W_台北復興館'),
('張芳儀', '0932-241756', '庫房管理人員', '16:00-23:30', 'B&W_台北復興館'),
('陳韻修', '0923-367541', '兼職人員', '16:00-23:30', 'B&W_台北復興館'),
('陳俊佑', '0911-758326', '店長', '11:00-21:30', 'B&W_台北忠孝館'),
('林秀康', '0977-124365', '門市店員', '9:00-16:30', 'B&W_台北忠孝館'),
('林盈民', '0988-736452', '庫房管理人員', '9:00-16:30', 'B&W_台北忠孝館'),
('吳俊明', '0966-529374', '庫房管理人員', '16:00-23:30', 'B&W_台北忠孝館'),
('林威伶', '0915-476325', '庫房管理人員', '9:00-16:30', 'B&W_台北忠孝館'),
('武伯俊', '0933-625147', '門市店員', '16:00-23:30', 'B&W_台北忠孝館'),
('王明斌', '0922-473568', '兼職人員', '9:00-16:30', 'B&W_台北忠孝館'),
('張毓妤', '0960-365214', '兼職人員', '16:00-23:30', 'B&W_台北忠孝館'),
('李念林', '0987-915247', '店長', '11:00-21:30', 'b.club_新竹店'),
('鍾明易', '0971-345726', '兼職人員', '9:00-16:30', 'b.club_新竹店'),
('曾婉如', '0932-654371', '庫房管理人員', '16:00-23:30', 'b.club_新竹店'),
('張惠萍', '0923-927546', '門市店員', '9:00-16:30', 'b.club_新竹店'),
('王秀美', '0911-832456', '庫房管理人員', '9:00-16:30', 'b.club_新竹店'),
('柯傑菁', '0977-526431', '庫房管理人員', '16:00-23:30', 'b.club_新竹店'),
('龐瓊文', '0988-364257', '門市店員', '16:00-23:30', 'b.club_新竹店'),
('陳怡君', '0966-743215', '庫房管理人員', '9:00-16:30', 'b.club_新竹店'),
('林怡枝', '0915-924736', '店長', '11:00-21:30', 'b.temptd_新竹店'),
('王冠廷', '0933-643571', '門市店員', '9:00-16:30', 'b.temptd_新竹店'),
('陳岳能', '0922-752634', '庫房管理人員', '16:00-23:30', 'b.temptd_新竹店'),
('錢苑堅', '0960-216457', '門市店員', '16:00-23:30', 'b.temptd_新竹店'),
('陳思涵', '0987-637541', '門市店員', '9:00-16:30', 'b.temptd_新竹店'),
('陳宏伶', '0971-459726', '庫房管理人員', '9:00-16:30', 'b.temptd_新竹店'),
('張育和', '0932-476521', '門市店員', '16:00-23:30', 'b.temptd_新竹店'),
('王嘉慧', '0923-715364', '店長', '11:00-21:30', 'B.V.D_台北忠孝館'),
('羅民萱', '0911-263475', '門市店員', '9:00-16:30', 'B.V.D_台北忠孝館'),
('張力剛', '0977-546321', '庫房管理人員', '16:00-23:30', 'B.V.D_台北忠孝館'),
('陳嘉筠', '0988-371452', '庫房管理人員', '9:00-16:30', 'B.V.D_台北忠孝館'),
('陳恭方', '0966-125437', '庫房管理人員', '16:00-23:30', 'B.V.D_台北忠孝館'),
('韓俐能', '0915-937246', '庫房管理人員', '9:00-16:30', 'B.V.D_台北忠孝館'),
('賴莉婷', '0933-463751', '門市店員', '16:00-23:30', 'B.V.D_台北忠孝館'),
('倪志明', '0922-943165', '兼職人員', '16:00-23:30', 'B.V.D_台北忠孝館'),
('陳玟凡', '0960-317542', '店長', '11:00-21:30', 'BAC CAKE&SWEETS_台北忠孝館'),
('李怡君', '0987-652413', '門市店員', '9:00-16:30', 'BAC CAKE&SWEETS_台北忠孝館'),
('楊淑娟', '0971-973625', '庫房管理人員', '16:00-23:30', 'BAC CAKE&SWEETS_台北忠孝館'),
('王坤歡', '0932-241756', '庫房管理人員', '9:00-16:30', 'BAC CAKE&SWEETS_台北忠孝館'),
('顏玉婷', '0923-367541', '門市店員', '16:00-23:30', 'BAC CAKE&SWEETS_台北忠孝館'),
('李柏成', '0911-758326', '門市店員', '9:00-16:30', 'BAC CAKE&SWEETS_台北忠孝館'),
('楊姿吟', '0977-124365', '兼職人員', '9:00-16:30', 'BAC CAKE&SWEETS_台北忠孝館'),
('蔡萬惠', '0988-736452', '庫房管理人員', '16:00-23:30', 'BAC CAKE&SWEETS_台北忠孝館'),
('郭思婷', '0966-529374', '門市店員', '16:00-23:30', 'BAC CAKE&SWEETS_台北忠孝館'),
('樊宛綠', '0915-476325', '店長', '11:00-21:30', 'Baccarat_台北忠孝館'),
('黃心蘋', '0933-625147', '庫房管理人員', '9:00-16:30', 'Baccarat_台北忠孝館'),
('謝佩忠', '0922-473568', '庫房管理人員', '16:00-23:30', 'Baccarat_台北忠孝館'),
('林俊迪', '0960-365214', '庫房管理人員', '9:00-16:30', 'Baccarat_台北忠孝館'),
('黃明娥', '0987-915247', '門市店員', '9:00-16:30', 'Baccarat_台北忠孝館'),
('洪彥安', '0971-345726', '庫房管理人員', '16:00-23:30', 'Baccarat_台北忠孝館'),
('連志偉', '0932-654371', '店長', '11:00-21:30', 'Baccarat_天母店'),
('林君豪', '0923-927546', '庫房管理人員', '9:00-16:30', 'Baccarat_天母店'),
('游威廷', '0911-832456', '庫房管理人員', '16:00-23:30', 'Baccarat_天母店'),
('許俊瑋', '0977-526431', '庫房管理人員', '9:00-16:30', 'Baccarat_天母店'),
('鈕與芳', '0988-364257', '庫房管理人員', '16:00-23:30', 'Baccarat_天母店'),
('蕭承凡', '0966-743215', '庫房管理人員', '9:00-16:30', 'Baccarat_天母店'),
('黃子傑', '0915-924736', '庫房管理人員', '16:00-23:30', 'Baccarat_天母店'),
('李耀中', '0933-643571', '庫房管理人員', '9:00-16:30', 'Baccarat_天母店'),
('何凱善', '0922-752634', '店長', '11:00-21:30', 'Baccarat_台北敦化館'),
('黃麗祥', '0960-216457', '門市店員', '16:00-23:30', 'Baccarat_台北敦化館'),
('賀倩易', '0987-637541', '庫房管理人員', '16:00-23:30', 'Baccarat_台北敦化館'),
('蕭欣怡', '0971-459726', '庫房管理人員', '9:00-16:30', 'Baccarat_台北敦化館'),
('盧昇順', '0932-476521', '庫房管理人員', '16:00-23:30', 'Baccarat_台北敦化館'),
('簡雅竹', '0923-715364', '兼職人員', '16:00-23:30', 'Baccarat_台北敦化館'),
('葉佩珊', '0911-263475', '門市店員', '9:00-16:30', 'Baccarat_台北敦化館'),
('吳怡君', '0977-546321', '門市店員', '16:00-23:30', 'Baccarat_台北敦化館'),
('邰志豪', '0988-371452', '庫房管理人員', '9:00-16:30', 'Baccarat_台北敦化館'),
('楊君原', '0966-125437', '店長', '11:00-21:30', 'BAGMANIA_台北復興館'),
('林勇慈', '0915-937246', '門市店員', '9:00-16:30', 'BAGMANIA_台北復興館'),
('張彥廷', '0933-463751', '門市店員', '16:00-23:30', 'BAGMANIA_台北復興館'),
('林姿珮', '0922-943165', '兼職人員', '9:00-16:30', 'BAGMANIA_台北復興館'),
('吳姿妹', '0960-317542', '庫房管理人員', '16:00-23:30', 'BAGMANIA_台北復興館'),
('黃莉羽', '0987-652413', '門市店員', '9:00-16:30', 'BAGMANIA_台北復興館'),
('曹芸婷', '0971-973625', '庫房管理人員', '9:00-16:30', 'BAGMANIA_台北復興館'),
('李雅岳', '0932-241756', '庫房管理人員', '16:00-23:30', 'BAGMANIA_台北復興館'),
('藍維倫', '0923-367541', '店長', '11:00-21:30', 'Baker Street貝克街_台北忠孝館'),
('方慧玲', '0911-758326', '庫房管理人員', '9:00-16:30', 'Baker Street貝克街_台北忠孝館'),
('王明宏', '0977-124365', '門市店員', '16:00-23:30', 'Baker Street貝克街_台北忠孝館'),
('王士瑋', '0988-736452', '庫房管理人員', '16:00-23:30', 'Baker Street貝克街_台北忠孝館'),
('陳佩珊', '0966-529374', '庫房管理人員', '9:00-16:30', 'Baker Street貝克街_台北忠孝館'),
('許哲榮', '0915-476325', '門市店員', '9:00-16:30', 'Baker Street貝克街_台北忠孝館'),
('許雅芳', '0933-625147', '兼職人員', '16:00-23:30', 'Baker Street貝克街_台北忠孝館'),
('宋鎮揚', '0922-473568', '門市店員', '16:00-23:30', 'Baker Street貝克街_台北忠孝館'),
('林貴樂', '0960-365214', '兼職人員', '9:00-16:30', 'Baker Street貝克街_台北忠孝館'),
('蔡孟沛', '0987-915247', '門市店員', '9:00-16:30', 'Baker Street貝克街_台北忠孝館'),
('鄭倍賢', '0971-345726', '兼職人員', '16:00-23:30', 'Baker Street貝克街_台北忠孝館'),
('馮振瑋', '0932-654371', '庫房管理人員', '16:00-23:30', 'Baker Street貝克街_台北忠孝館'),
('陳彥南', '0923-927546', '店長', '11:00-21:30', 'BALENCIAGA_台北復興館'),
('李國城', '0911-832456', '庫房管理人員', '9:00-16:30', 'BALENCIAGA_台北復興館'),
('劉珮甄', '0977-526431', '庫房管理人員', '16:00-23:30', 'BALENCIAGA_台北復興館'),
('陳東士', '0988-364257', '庫房管理人員', '9:00-16:30', 'BALENCIAGA_台北復興館'),
('盧易玲', '0966-743215', '門市店員', '16:00-23:30', 'BALENCIAGA_台北復興館'),
('甘佳蓉', '0915-924736', '門市店員', '9:00-16:30', 'BALENCIAGA_台北復興館'),
('林志夫', '0933-643571', '門市店員', '16:00-23:30', 'BALENCIAGA_台北復興館'),
('洪國禾', '0922-752634', '店長', '11:00-21:30', 'BALLY_台北忠孝館'),
('許蕙威', '0960-216457', '庫房管理人員', '16:00-23:30', 'BALLY_台北忠孝館'),
('郭維憲', '0987-637541', '庫房管理人員', '9:00-16:30', 'BALLY_台北忠孝館'),
('林常明', '0971-459726', '庫房管理人員', '16:00-23:30', 'BALLY_台北忠孝館'),
('楊家利', '0932-476521', '門市店員', '9:00-16:30', 'BALLY_台北忠孝館'),
('蔡建宇', '0923-715364', '庫房管理人員', '9:00-16:30', 'BALLY_台北忠孝館'),
('徐育菁', '0911-263475', '兼職人員', '9:00-16:30', 'BALLY_台北忠孝館'),
('吳玉婷', '0977-546321', '兼職人員', '16:00-23:30', 'BALLY_台北忠孝館'),
('吳靜芳', '0988-371452', '庫房管理人員', '16:00-23:30', 'BALLY_台北忠孝館'),
('王彥淑', '0966-125437', '兼職人員', '9:00-16:30', 'BALLY_台北忠孝館'),
('張建妤', '0915-937246', '門市店員', '16:00-23:30', 'BALLY_台北忠孝館'),
('金平文', '0933-463751', '庫房管理人員', '9:00-16:30', 'BALLY_台北忠孝館'),
('李俊廷', '0922-943165', '店長', '11:00-21:30', 'BALMUDA_台北復興館'),
('李光恒', '0960-317542', '門市店員', '9:00-16:30', 'BALMUDA_台北復興館'),
('林志彥', '0987-652413', '庫房管理人員', '16:00-23:30', 'BALMUDA_台北復興館'),
('蔡杰花', '0971-973625', '門市店員', '16:00-23:30', 'BALMUDA_台北復興館'),
('黃淑貞', '0932-241756', '門市店員', '9:00-16:30', 'BALMUDA_台北復興館'),
('溫祐誠', '0923-367541', '門市店員', '16:00-23:30', 'BALMUDA_台北復興館'),
('林郁文', '0911-758326', '門市店員', '9:00-16:30', 'BALMUDA_台北復興館'),
('趙志宏', '0977-124365', '兼職人員', '16:00-23:30', 'BALMUDA_台北復興館'),
('黃玉年', '0988-736452', '庫房管理人員', '9:00-16:30', 'BALMUDA_台北復興館'),
('郭以琪', '0966-529374', '庫房管理人員', '16:00-23:30', 'BALMUDA_台北復興館'),
('謝燦添', '0915-476325', '庫房管理人員', '9:00-16:30', 'BALMUDA_台北復興館'),
('阮光心', '0933-625147', '庫房管理人員', '16:00-23:30', 'BALMUDA_台北復興館'),
('阮鈺元', '0922-473568', '店長', '11:00-21:30', 'BAO BAO ISSEY MIYAKE_台北復興館'),
('顏國榮', '0960-365214', '兼職人員', '9:00-16:30', 'BAO BAO ISSEY MIYAKE_台北復興館'),
('羅玉娟', '0987-915247', '門市店員', '16:00-23:30', 'BAO BAO ISSEY MIYAKE_台北復興館'),
('陳秀慧', '0971-345726', '門市店員', '9:00-16:30', 'BAO BAO ISSEY MIYAKE_台北復興館'),
('王雅雯', '0932-654371', '庫房管理人員', '9:00-16:30', 'BAO BAO ISSEY MIYAKE_台北復興館'),
('方文菱', '0923-927546', '庫房管理人員', '16:00-23:30', 'BAO BAO ISSEY MIYAKE_台北復興館'),
('溫玟雅', '0911-832456', '門市店員', '16:00-23:30', 'BAO BAO ISSEY MIYAKE_台北復興館'),
('鐘珮雯', '0977-526431', '兼職人員', '16:00-23:30', 'BAO BAO ISSEY MIYAKE_台北復興館'),
('陳建良', '0988-364257', '庫房管理人員', '9:00-16:30', 'BAO BAO ISSEY MIYAKE_台北復興館'),
('陳雅文', '0966-743215', '庫房管理人員', '16:00-23:30', 'BAO BAO ISSEY MIYAKE_台北復興館'),
('黃士汝', '0915-924736', '門市店員', '9:00-16:30', 'BAO BAO ISSEY MIYAKE_台北復興館'),
('陳向欣', '0933-643571', '店長', '11:00-21:30', 'BARONECE_天母店'),
('林明憲', '0922-752634', '庫房管理人員', '9:00-16:30', 'BARONECE_天母店'),
('林麗萱', '0960-216457', '兼職人員', '9:00-16:30', 'BARONECE_天母店'),
('呂玟君', '0987-637541', '庫房管理人員', '16:00-23:30', 'BARONECE_天母店'),
('陳明', '0971-459726', '門市店員', '16:00-23:30', 'BARONECE_天母店'),
('郭建廷', '0932-476521', '庫房管理人員', '9:00-16:30', 'BARONECE_天母店'),
('鄭宛亦', '0923-715364', '庫房管理人員', '16:00-23:30', 'BARONECE_天母店'),
('陳詩善', '0911-263475', '庫房管理人員', '9:00-16:30', 'BARONECE_天母店'),
('林淑娟', '0977-546321', '門市店員', '9:00-16:30', 'BARONECE_天母店'),
('簡婷婷', '0988-371452', '門市店員', '16:00-23:30', 'BARONECE_天母店'),
('蔡佳弘', '0966-125437', '兼職人員', '16:00-23:30', 'BARONECE_天母店'),
('王嘉琪', '0915-937246', '門市店員', '9:00-16:30', 'BARONECE_天母店'),
('倪沛慧', '0933-463751', '店長', '11:00-21:30', 'BBL_台北忠孝館'),
('李敬清', '0922-943165', '門市店員', '16:00-23:30', 'BBL_台北忠孝館'),
('陳乃萱', '0960-317542', '門市店員', '9:00-16:30', 'BBL_台北忠孝館'),
('李以豐', '0987-652413', '門市店員', '16:00-23:30', 'BBL_台北忠孝館'),
('羅淑惠', '0971-973625', '庫房管理人員', '16:00-23:30', 'BBL_台北忠孝館'),
('李美雲', '0932-241756', '門市店員', '9:00-16:30', 'BBL_台北忠孝館'),
('吳佐茹', '0923-367541', '門市店員', '16:00-23:30', 'BBL_台北忠孝館'),
('吳春聿', '0911-758326', '門市店員', '9:00-16:30', 'BBL_台北忠孝館'),
('潘丹梅', '0977-124365', '門市店員', '16:00-23:30', 'BBL_台北忠孝館'),
('邱法添', '0988-736452', '店長', '11:00-21:30', 'BBL Premium_天母店'),
('劉嘉枝', '0966-529374', '庫房管理人員', '9:00-16:30', 'BBL Premium_天母店'),
('袁彥軒', '0915-476325', '門市店員', '9:00-16:30', 'BBL Premium_天母店'),
('余詩涵', '0933-625147', '門市店員', '16:00-23:30', 'BBL Premium_天母店'),
('吳玉萱', '0922-473568', '庫房管理人員', '16:00-23:30', 'BBL Premium_天母店'),
('郭卓沛', '0960-365214', '庫房管理人員', '9:00-16:30', 'BBL Premium_天母店'),
('程士賢', '0987-915247', '門市店員', '9:00-16:30', 'BBL Premium_天母店'),
('趙賢嬌', '0971-345726', '兼職人員', '9:00-16:30', 'BBL Premium_天母店'),
('範右旭', '0932-654371', '門市店員', '16:00-23:30', 'BBL Premium_天母店'),
('吳憶彬', '0923-927546', '店長', '11:00-21:30', 'BBL Premium_新竹店'),
('李政原', '0911-832456', '庫房管理人員', '16:00-23:30', 'BBL Premium_新竹店'),
('林淑良', '0977-526431', '門市店員', '9:00-16:30', 'BBL Premium_新竹店'),
('賴俊嘉', '0988-364257', '庫房管理人員', '9:00-16:30', 'BBL Premium_新竹店'),
('賴美慧', '0966-743215', '門市店員', '16:00-23:30', 'BBL Premium_新竹店'),
('郭家華', '0915-924736', '庫房管理人員', '16:00-23:30', 'BBL Premium_新竹店'),
('陳育山', '0933-643571', '兼職人員', '16:00-23:30', 'BBL Premium_新竹店'),
('吳丹昇', '0922-752634', '兼職人員', '9:00-16:30', 'BBL Premium_新竹店'),
('謝宗毓', '0960-216457', '店長', '11:00-21:30', 'beard papa_台北復興館'),
('溫美慧', '0987-637541', '庫房管理人員', '9:00-16:30', 'beard papa_台北復興館'),
('杜怡禎', '0971-459726', '庫房管理人員', '16:00-23:30', 'beard papa_台北復興館'),
('曾佳燕', '0932-476521', '門市店員', '9:00-16:30', 'beard papa_台北復興館'),
('張毓妹', '0923-715364', '門市店員', '16:00-23:30', 'beard papa_台北復興館'),
('沈平芃', '0911-263475', '庫房管理人員', '9:00-16:30', 'beard papa_台北復興館'),
('王若菁', '0977-546321', '庫房管理人員', '16:00-23:30', 'beard papa_台北復興館'),
('陳信舜', '0988-371452', '庫房管理人員', '9:00-16:30', 'beard papa_台北復興館'),
('施枝丞', '0966-125437', '店長', '11:00-21:30', 'beard papa_中壢店'),
('張青紫', '0915-937246', '庫房管理人員', '16:00-23:30', 'beard papa_中壢店'),
('劉明宏', '0933-463751', '兼職人員', '16:00-23:30', 'beard papa_中壢店'),
('陳有君', '0922-943165', '門市店員', '9:00-16:30', 'beard papa_中壢店'),
('鄭凱青', '0960-317542', '庫房管理人員', '9:00-16:30', 'beard papa_中壢店'),
('蔡得維', '0987-652413', '門市店員', '16:00-23:30', 'beard papa_中壢店'),
('翁春穎', '0971-973625', '庫房管理人員', '16:00-23:30', 'beard papa_中壢店'),
('黃麗玲', '0932-241756', '庫房管理人員', '9:00-16:30', 'beard papa_中壢店'),
('林韻如', '0923-367541', '兼職人員', '9:00-16:30', 'beard papa_中壢店'),
('侯孟義', '0911-758326', '門市店員', '9:00-16:30', 'beard papa_中壢店'),
('鄭淑娟', '0977-124365', '兼職人員', '16:00-23:30', 'beard papa_中壢店'),
('楊智盈', '0988-736452', '店長', '11:00-21:30', 'beard papa_天母店'),
('孫伶群', '0966-529374', '門市店員', '16:00-23:30', 'beard papa_天母店'),
('蔡淑傑', '0915-476325', '門市店員', '9:00-16:30', 'beard papa_天母店'),
('黃國文', '0933-625147', '門市店員', '16:00-23:30', 'beard papa_天母店'),
('袁玟儀', '0922-473568', '庫房管理人員', '16:00-23:30', 'beard papa_天母店'),
('林季恒', '0960-365214', '門市店員', '9:00-16:30', 'beard papa_天母店'),
('陳俊緯', '0987-915247', '兼職人員', '9:00-16:30', 'beard papa_天母店'),
('劉永天', '0971-345726', '店長', '11:00-21:30', 'Beauty Gallery_台北復興館'),
('白兆義', '0932-654371', '庫房管理人員', '9:00-16:30', 'Beauty Gallery_台北復興館'),
('陳孟倫', '0923-927546', '門市店員', '16:00-23:30', 'Beauty Gallery_台北復興館'),
('竇俊逸', '0911-832456', '庫房管理人員', '16:00-23:30', 'Beauty Gallery_台北復興館'),
('羅昀法', '0977-526431', '門市店員', '9:00-16:30', 'Beauty Gallery_台北復興館'),
('李雅玲', '0988-364257', '門市店員', '16:00-23:30', 'Beauty Gallery_台北復興館'),
('吳佳玲', '0966-743215', '店長', '11:00-21:30', 'Beauty Gallery_中壢店'),
('陳淑娟', '0915-924736', '庫房管理人員', '9:00-16:30', 'Beauty Gallery_中壢店'),
('許重琬', '0933-643571', '庫房管理人員', '16:00-23:30', 'Beauty Gallery_中壢店'),
('吳竹玲', '0922-752634', '門市店員', '9:00-16:30', 'Beauty Gallery_中壢店'),
('張穎玫', '0960-216457', '庫房管理人員', '9:00-16:30', 'Beauty Gallery_中壢店'),
('王昱珮', '0987-637541', '兼職人員', '16:00-23:30', 'Beauty Gallery_中壢店'),
('黃美哲', '0971-459726', '兼職人員', '9:00-16:30', 'Beauty Gallery_中壢店'),
('陳俊宏', '0932-476521', '庫房管理人員', '16:00-23:30', 'Beauty Gallery_中壢店'),
('張恆婷', '0923-715364', '店長', '11:00-21:30', 'Been Teen_台北忠孝館'),
('藍家豪', '0911-263475', '門市店員', '16:00-23:30', 'Been Teen_台北忠孝館'),
('陳淑慧', '0977-546321', '門市店員', '9:00-16:30', 'Been Teen_台北忠孝館'),
('連德麟', '0988-371452', '門市店員', '16:00-23:30', 'Been Teen_台北忠孝館'),
('林士郁', '0966-125437', '門市店員', '9:00-16:30', 'Been Teen_台北忠孝館'),
('王奕廷', '0915-937246', '庫房管理人員', '9:00-16:30', 'Been Teen_台北忠孝館'),
('張瑞利', '0933-463751', '門市店員', '16:00-23:30', 'Been Teen_台北忠孝館'),
('劉子富', '0922-943165', '兼職人員', '16:00-23:30', 'Been Teen_台北忠孝館'),
('鄭雅雯', '0960-317542', '門市店員', '9:00-16:30', 'Been Teen_台北忠孝館'),
('梁毓婷', '0987-652413', '門市店員', '16:00-23:30', 'Been Teen_台北忠孝館'),
('駱怡秀', '0971-973625', '店長', '11:00-21:30', 'Been Teen_天母店'),
('姜冠婷', '0932-241756', '庫房管理人員', '16:00-23:30', 'Been Teen_天母店'),
('李淑芬', '0923-367541', '庫房管理人員', '9:00-16:30', 'Been Teen_天母店'),
('陳靜怡', '0911-758326', '庫房管理人員', '16:00-23:30', 'Been Teen_天母店'),
('林育財', '0977-124365', '兼職人員', '9:00-16:30', 'Been Teen_天母店'),
('林淑娟', '0988-736452', '庫房管理人員', '9:00-16:30', 'Been Teen_天母店'),
('鄭振宇', '0966-529374', '庫房管理人員', '16:00-23:30', 'Been Teen_天母店'),
('張雅茹', '0915-476325', '門市店員', '9:00-16:30', 'Been Teen_天母店'),
('陳正順', '0933-625147', '店長', '11:00-21:30', 'Been Teen_中壢店'),
('趙珮豐', '0922-473568', '庫房管理人員', '9:00-16:30', 'Been Teen_中壢店'),
('楊治祥', '0960-365214', '庫房管理人員', '16:00-23:30', 'Been Teen_中壢店'),
('陳冠宇', '0987-915247', '門市店員', '16:00-23:30', 'Been Teen_中壢店'),
('林子勇', '0971-345726', '門市店員', '9:00-16:30', 'Been Teen_中壢店'),
('陳富雅', '0932-654371', '門市店員', '16:00-23:30', 'Been Teen_中壢店'),
('姜怡婷', '0923-927546', '庫房管理人員', '9:00-16:30', 'Been Teen_中壢店'),
('林玉淑', '0911-832456', '兼職人員', '16:00-23:30', 'Been Teen_中壢店'),
('周薇丹', '0977-526431', '店長', '11:00-21:30', 'Been Teen_新竹店'),
('鄭宇吟', '0988-364257', '門市店員', '9:00-16:30', 'Been Teen_新竹店'),
('劉台樺', '0966-743215', '門市店員', '16:00-23:30', 'Been Teen_新竹店'),
('林莉霞', '0915-924736', '門市店員', '9:00-16:30', 'Been Teen_新竹店'),
('林克玟', '0933-643571', '庫房管理人員', '16:00-23:30', 'Been Teen_新竹店'),
('潘依萍', '0922-752634', '門市店員', '16:00-23:30', 'Been Teen_新竹店'),
('楊友玲', '0960-216457', '兼職人員', '9:00-16:30', 'Been Teen_新竹店'),
('吳仰菱', '0987-637541', '兼職人員', '16:00-23:30', 'Been Teen_新竹店'),
('洪伶凌', '0971-459726', '店長', '11:00-21:30', 'BEN&1966_中壢店'),
('謝雅慧', '0932-476521', '門市店員', '9:00-16:30', 'BEN&1966_中壢店'),
('周佳東', '0923-715364', '門市店員', '16:00-23:30', 'BEN&1966_中壢店'),
('黃佳樺', '0911-263475', '庫房管理人員', '9:00-16:30', 'BEN&1966_中壢店'),
('袁耀易', '0977-546321', '門市店員', '9:00-16:30', 'BEN&1966_中壢店'),
('李哲芬', '0988-371452', '門市店員', '16:00-23:30', 'BEN&1966_中壢店'),
('曾秉映', '0966-125437', '兼職人員', '9:00-16:30', 'BEN&1966_中壢店'),
('陳蓉以', '0915-937246', '門市店員', '9:00-16:30', 'BEN&1966_中壢店'),
('竺文皓', '0933-463751', '兼職人員', '16:00-23:30', 'BEN&1966_中壢店'),
('陳英傑', '0922-943165', '庫房管理人員', '16:00-23:30', 'BEN&1966_中壢店'),
('黃承恩', '0960-317542', '門市店員', '16:00-23:30', 'BEN&1966_中壢店'),
('李美容', '0987-652413', '兼職人員', '9:00-16:30', 'BEN&1966_中壢店'),
('郭儒學', '0971-973625', '店長', '11:00-21:30', 'benefit_台北復興館'),
('朱榮修', '0932-241756', '庫房管理人員', '9:00-16:30', 'benefit_台北復興館'),
('黃耿富', '0923-367541', '門市店員', '9:00-16:30', 'benefit_台北復興館'),
('楊景均', '0911-758326', '庫房管理人員', '16:00-23:30', 'benefit_台北復興館'),
('袁昱士', '0977-124365', '庫房管理人員', '9:00-16:30', 'benefit_台北復興館'),
('張怡君', '0988-736452', '庫房管理人員', '16:00-23:30', 'benefit_台北復興館'),
('劉秀芬', '0966-529374', '門市店員', '16:00-23:30', 'benefit_台北復興館'),
('張秀芬', '0915-476325', '門市店員', '9:00-16:30', 'benefit_台北復興館'),
('林建輝', '0933-625147', '門市店員', '16:00-23:30', 'benefit_台北復興館'),
('馮嘉云', '0922-473568', '庫房管理人員', '9:00-16:30', 'benefit_台北復興館');

-- 插入 Shopping_Sheet 資料
INSERT INTO Shopping_Sheet (Store_Name, Time, Price, Payment) VALUES
('0918_台北忠孝館', '2024-05-27 12:20:48', '3590', 'credit card'),
('45rpm_台北忠孝館', '2024-05-27 12:35:23', '16275', 'line pay'),
('adidas_天母店', '2024-05-27 12:40:11', '1490', 'credit card'),
('AIGLE_天母店', '2024-05-27 12:59:41', '5950', 'line pay'),
('adidas_台北忠孝館', '2024-05-27 13:07:10', '160', 'credit card'),
('ANNE DE SOLENE 安妮莎琳_台北忠孝館', '2024-05-27 13:23:45', '6980', 'cash'),
('ANNE DE SOLENE 安妮莎琳_台北忠孝館', '2024-05-27 13:25:03', '6980', 'line pay'),
('bgreen_高雄店', '2024-05-27 13:29:04', '228000', 'line pay'),
('adidas kids_台北忠孝館', '2024-05-27 13:30:08', '1890', 'credit card'),
('APIVITA_新竹店', '2024-05-27 13:35:07', '700', 'line pay'),
('adabat_台北忠孝館', '2024-05-27 13:48:17', '3202', 'line pay'),
('10/10 HOPE_台北復興館', '2024-05-27 14:02:35', '2300', 'credit card'),
('0918_中壢店', '2024-05-27 14:05:31', '1290', 'credit card'),
('10/10 HOPE_台北復興館', '2024-05-27 14:08:59', '4950', 'cash'),
('adidas Originals_中壢店', '2024-05-27 14:15:21', '1290', 'line pay'),
('0918_台北忠孝館', '2024-05-27 14:30:43', '3590', 'cash'),
('10Days睡眠科技_中壢店', '2024-05-27 14:53:08', '3375', 'cash'),
('adidas Originals_中壢店', '2024-05-27 15:02:06', '1090', 'credit card'),
('a la sha_台北復興館', '2024-05-27 15:27:12', '1690', 'credit card'),
('ALLSAINTS_新竹店', '2024-05-27 15:51:55', '2900', 'credit card'),
('Beauty Gallery_中壢店', '2024-05-27 16:01:15', '6650', 'cash'),
('ALLSAINTS_台北復興館', '2024-05-27 16:11:09', '2900', 'cash'),
('ACCA KAPPA_台北忠孝館', '2024-05-27 16:27:01', '1000', 'credit card'),
('benefit_台北復興館', '2024-05-27 16:39:19', '1040', 'cash'),
('22 OCTOBRE_台北忠孝館', '2024-05-27 16:50:45', '1990', 'line pay'),
('10 mois_台北忠孝館', '2024-05-27 17:26:29', '880', 'cash'),
('AIGLE_天母店', '2024-05-27 17:35:51', '3650', 'credit card'),
('Beauty Gallery_中壢店', '2024-05-27 17:41:34', '5700', 'cash'),
('adidas_中壢店', '2024-05-27 18:00:40', '1490', 'cash'),
('adidas Originals_高雄店', '2024-05-27 18:02:14', '4780', 'credit card'),
('adidas kids_台北忠孝館', '2024-05-27 18:11:43', '1890', 'line pay'),
('a la sha_新竹店', '2024-05-27 18:24:36', '1790', 'credit card'),
('0918_天母店', '2024-05-27 18:33:34', '3290', 'line pay'),
('Beauty Gallery_台北復興館', '2024-05-27 18:54:10', '4475', 'line pay'),
('bgreen_中壢店', '2024-05-27 19:15:06', '5980', 'line pay'),
('45rpm_台北忠孝館', '2024-05-27 19:23:44', '19434', 'credit card'),
('adabat_台北忠孝館', '2024-05-27 19:48:03', '8539', 'cash'),
('adidas_高雄店', '2024-05-27 19:51:45', '1650', 'credit card'),
('adidas Originals_高雄店', '2024-05-27 20:32:03', '1290', 'cash'),
('a la sha_中壢店', '2024-05-27 20:38:25', '2380', 'credit card'),
('adidas kids_台北忠孝館', '2024-05-27 20:49:22', '1890', 'cash'),
('0918_天母店', '2024-05-27 21:18:12', '4890', 'cash'),
('adidas kids_天母店', '2024-05-27 21:38:32', '2980', 'credit card'),
('0918_新竹店', '2024-05-27 21:46:03', '1290', 'credit card'),
('111SKIN_台北復興館', '2024-05-27 21:48:37', '5200', 'cash'),
('bgreen_高雄店', '2024-05-27 21:59:32', '168000', 'line pay'),
('adidas kids_台北忠孝館', '2024-05-28 11:09:29', '1890', 'cash'),
('0918_高雄店', '2024-05-28 11:14:55', '2590', 'credit card'),
('10Days睡眠科技_台北忠孝館', '2024-05-28 11:24:04', '11840', 'credit card'),
('23區_台北忠孝館', '2024-05-28 11:36:03', '12660', 'line pay'),
('APIVITA_新竹店', '2024-05-28 12:00:04', '990', 'credit card'),
('a la sha_新竹店', '2024-05-28 12:17:56', '1790', 'cash'),
('adidas kids_中壢店', '2024-05-28 12:38:36', '1890', 'line pay'),
('ANYSIS_台北忠孝館', '2024-05-28 12:48:06', '2680', 'cash'),
('1929家居生活館_高雄店', '2024-05-28 13:01:46', '9600', 'credit card'),
('adidas_天母店', '2024-05-28 13:13:54', '1490', 'line pay'),
('ANNE DE SOLENE 安妮莎琳_台北忠孝館', '2024-05-28 13:22:15', '6980', 'line pay'),
('ALLSAINTS_新竹店', '2024-05-28 13:36:25', '2900', 'credit card'),
('ANYSIS_台北忠孝館', '2024-05-28 13:42:50', '3480', 'cash'),
('adidas_台北復興館', '2024-05-28 13:50:28', '1490', 'line pay'),
('a la sha_中壢店', '2024-05-28 13:54:34', '990', 'credit card'),
('Beauty Gallery_中壢店', '2024-05-28 14:05:09', '9675', 'cash'),
('BAGMANIA_台北復興館', '2024-05-28 14:40:30', '8990', 'credit card'),
('Benteau_中壢店', '2024-05-28 15:07:28', '980', 'cash'),
('a.testoni_台北敦化館', '2024-05-28 15:32:28', '3600', 'credit card'),
('adidas kids_新竹店', '2024-05-28 15:42:06', '1512', 'line pay'),
('1929家居生活館_高雄店', '2024-05-28 15:47:24', '10800', 'credit card'),
('0918_台北忠孝館', '2024-05-28 16:02:47', '6080', 'line pay'),
('Aderans愛德蘭絲_新竹店', '2024-05-28 16:10:10', '5380', 'line pay'),
('Aderans愛德蘭絲_新竹店', '2024-05-28 16:28:57', '1400', 'credit card'),
('0918_天母店', '2024-05-28 16:47:39', '9370', 'cash'),
('Benteau_台北忠孝館', '2024-05-28 16:53:28', '1480', 'line pay'),
('a la sha_中壢店', '2024-05-28 16:55:05', '1690', 'cash'),
('adidas kids_天母店', '2024-05-28 17:10:32', '1890', 'credit card'),
('0918_新竹店', '2024-05-28 17:26:06', '3590', 'cash'),
('adidas_台北忠孝館', '2024-05-28 17:42:22', '5980', 'line pay'),
('adidas_中壢店', '2024-05-28 17:46:25', '6140', 'credit card'),
('0918_新竹店', '2024-05-28 18:11:55', '3490', 'line pay'),
('0918_新竹店', '2024-05-28 18:23:18', '3490', 'cash'),
('APIVITA_台北復興館', '2024-05-28 18:33:07', '590', 'cash'),
('a la sha_台北復興館', '2024-05-28 18:48:33', '1790', 'cash'),
('adidas kids_天母店', '2024-05-28 18:59:54', '1890', 'line pay'),
('ALLSAINTS_台北復興館', '2024-05-28 19:19:52', '2900', 'cash'),
('0918_台北忠孝館', '2024-05-28 19:42:30', '1290', 'credit card'),
('Benteau_中壢店', '2024-05-28 19:50:51', '980', 'line pay'),
('ANNE DE SOLENE 安妮莎琳_台北忠孝館', '2024-05-28 20:16:53', '6980', 'line pay'),
('Benteau_中壢店', '2024-05-28 20:24:48', '780', 'line pay'),
('10/10 HOPE_新竹店', '2024-05-28 20:59:41', '1450', 'cash'),
('10/10 HOPE_新竹店', '2024-05-28 21:08:19', '2600', 'cash'),
('APIVITA_台北復興館', '2024-05-28 21:14:30', '670', 'cash'),
('ALLSAINTS_台北復興館', '2024-05-28 21:21:30', '2900', 'line pay'),
('45rpm_台北忠孝館', '2024-05-28 21:29:08', '12632', 'cash'),
('BAGMANIA_台北復興館', '2024-05-28 21:48:06', '8990', 'line pay'),
('APIVITA_台北復興館', '2024-05-28 21:57:07', '1360', 'cash'),
('adidas_高雄店', '2024-05-29 11:08:21', '1490', 'cash'),
('adidas_中壢店', '2024-05-29 11:26:12', '6170', 'credit card'),
('ALLSAINTS_台北復興館', '2024-05-29 11:28:14', '2900', 'credit card'),
('10/10 HOPE_新竹店', '2024-05-29 11:41:01', '3800', 'credit card'),
('a.testoni_台北敦化館', '2024-05-29 11:50:05', '9480', 'credit card'),
('a la sha_台北復興館', '2024-05-29 12:25:17', '3080', 'line pay'),
('APIVITA_台北復興館', '2024-05-29 12:34:21', '670', 'credit card'),
('adidas Originals_天母店', '2024-05-29 12:51:45', '3890', 'line pay'),
('ALLSAINTS_台北復興館', '2024-05-29 12:55:07', '2900', 'line pay'),
('AIGLE_天母店', '2024-05-29 13:22:23', '2000', 'cash'),
('ALLSAINTS_台北復興館', '2024-05-29 13:39:59', '2900', 'cash'),
('BAGMANIA_台北復興館', '2024-05-29 13:48:22', '8990', 'credit card'),
('ACCA KAPPA_台北忠孝館', '2024-05-29 14:04:47', '1999', 'credit card'),
('10Days睡眠科技_中壢店', '2024-05-29 14:27:22', '3375', 'cash'),
('10 mois_台北忠孝館', '2024-05-29 14:32:52', '1780', 'line pay'),
('adidas Originals_天母店', '2024-05-29 14:55:15', '4780', 'credit card'),
('10Days睡眠科技_中壢店', '2024-05-29 15:03:05', '3375', 'line pay'),
('23區_新竹店', '2024-05-29 15:14:48', '3980', 'cash'),
('ANYSIS_台北忠孝館', '2024-05-29 15:41:56', '3480', 'credit card'),
('23區_台北忠孝館', '2024-05-29 15:51:41', '8680', 'line pay'),
('Beauty Gallery_台北復興館', '2024-05-29 15:59:14', '7000', 'credit card'),
('23區_新竹店', '2024-05-29 16:21:45', '3980', 'line pay'),
('10Days睡眠科技_台北忠孝館', '2024-05-29 16:26:00', '1999', 'credit card'),
('Aderans愛德蘭絲_新竹店', '2024-05-29 16:53:17', '5380', 'cash'),
('10 mois_台北忠孝館', '2024-05-29 16:59:56', '2680', 'cash'),
('a la sha_新竹店', '2024-05-29 17:06:18', '990', 'cash'),
('23區_台北忠孝館', '2024-05-29 17:19:26', '5184', 'line pay'),
('ALLSAINTS_新竹店', '2024-05-29 17:26:53', '5800', 'cash'),
('3M_新竹店', '2024-05-29 17:29:58', '3790', 'line pay'),
('a la sha_台北復興館', '2024-05-29 17:35:05', '1390', 'cash'),
('ALLSAINTS_新竹店', '2024-05-29 17:46:20', '5800', 'line pay'),
('Benteau_中壢店', '2024-05-29 17:50:52', '780', 'cash'),
('adidas kids_台北忠孝館', '2024-05-29 18:05:30', '1890', 'credit card'),
('adidas_高雄店', '2024-05-29 18:11:56', '1490', 'credit card'),
('Beauty Gallery_台北復興館', '2024-05-29 18:14:38', '7000', 'line pay'),
('10Days睡眠科技_中壢店', '2024-05-29 18:16:57', '3375', 'line pay'),
('adidas Originals_中壢店', '2024-05-29 18:31:51', '4980', 'cash'),
('benefit_台北復興館', '2024-05-29 18:33:57', '1120', 'credit card'),
('adidas kids_新竹店', '2024-05-29 18:41:08', '980', 'cash'),
('adidas_高雄店', '2024-05-29 18:54:29', '160', 'cash'),
('BAGMANIA_台北復興館', '2024-05-29 18:59:19', '8990', 'credit card'),
('adidas_高雄店', '2024-05-29 19:08:14', '5980', 'cash'),
('APIVITA_新竹店', '2024-05-29 19:15:29', '700', 'credit card'),
('23區_台北忠孝館', '2024-05-29 19:24:05', '8680', 'credit card'),
('adidas_天母店', '2024-05-29 19:30:21', '160', 'credit card'),
('ALLSAINTS_新竹店', '2024-05-29 19:43:46', '2900', 'cash'),
('10Days睡眠科技_中壢店', '2024-05-29 19:46:30', '3375', 'cash'),
('111SKIN_台北復興館', '2024-05-29 19:57:08', '6080', 'cash'),
('0918_新竹店', '2024-05-29 19:58:43', '2590', 'cash'),
('adidas kids_新竹店', '2024-05-29 20:08:11', '1512', 'credit card'),
('adidas_中壢店', '2024-05-29 20:27:06', '1490', 'line pay'),
('bgreen_高雄店', '2024-05-29 20:30:55', '168000', 'cash'),
('3M_新竹店', '2024-05-29 20:44:14', '2055', 'cash'),
('22 OCTOBRE_台北忠孝館', '2024-05-29 20:52:52', '5990', 'line pay'),
('bgreen_高雄店', '2024-05-29 21:03:46', '416000', 'credit card'),
('a la sha_台北復興館', '2024-05-29 21:12:55', '1790', 'credit card'),
('adidas kids_新竹店', '2024-05-29 21:18:47', '1890', 'credit card');

